"Seq","n_Seq","Name","OName","RAdeg","DEJ2000","GLON","GLAT","Rco","Rcl","RV","e_RV","n_RV","pmRA","e_pmRA","pmDE","e_pmDE","pmGLON","pmGLAT","N1s","Dist","E(B-V)","V-Mv","r_Dist","logt","o_logt","RVref","e_RVref","r_RVref","logtref","r_logtref"
1,0,"Berkeley 58","nan",0.01,60.96,116.73,-1.29,0.11,0.11,"nan","nan","nan",4.58,2.02,3.24,2.1,5.13,2.27,3,3715,0.55,14.56,1,8.2,-3,"nan","nan","nan",8.4,1.0
2,0,"Berkeley 59","nan",0.55,67.42,118.22,5.0,0.06,0.17,-6.5,6.5,2.0,-4.4,0.42,0.73,1.72,-4.18,1.55,3,1000,1.22,13.78,2,6.8,1,-15.0,7.6,1.0,"nan","nan"
3,1,"Blanco 1","nan",0.82,-30.14,14.17,-79.02,0.7,2.9,3.58,2.36,13.0,19.86,0.26,2.37,0.31,-2.15,-19.89,39,269,0.01,7.18,3,8.32,2,5.0,"nan",4.0,7.8,3.0
4,1,"Alessi 20","nan",2.64,58.76,117.64,-3.69,0.12,0.3,"nan","nan","nan",7.48,0.37,-2.61,0.5,6.97,-3.76,12,450,0.22,8.95,2,8.22,2,"nan","nan","nan","nan","nan"
5,0,"Mayer 1","nan",5.47,61.74,119.44,-0.93,0.08,0.2,-20.9,"nan",1.0,-5.27,0.73,-5.87,1.06,-5.91,-5.23,5,1429,0.4,12.02,1,7.74,3,"nan","nan","nan","nan","nan"
6,0,"Stock 20","nan",6.31,62.62,119.92,-0.1,0.07,0.16,"nan","nan","nan",-0.4,0.76,-1.12,0.72,-0.51,-1.07,12,909,0.2,10.41,1,8.53,2,"nan","nan","nan","nan","nan"
7,0,"Stock 21","nan",7.45,57.92,120.05,-4.83,0.06,0.14,"nan","nan","nan",-0.12,0.94,-1.52,1.19,-0.25,-1.5,6,1100,0.4,11.45,1,8.72,3,"nan","nan","nan","nan","nan"
8,0,"NGC 129","nan",7.5,60.22,120.27,-2.54,0.11,0.27,-43.21,3.49,10.0,-0.92,0.46,-0.48,0.61,-0.96,-0.4,17,1625,0.55,12.76,3,7.87,1,-36.8,0.3,1.0,7.89,3.0
9,1,"NGC 146","nan",8.26,63.3,120.87,0.5,0.07,0.13,"nan","nan","nan",-2.41,0.91,0.89,0.99,-2.34,1.06,5,3032,0.48,13.9,3,7.37,1,"nan","nan","nan",7.82,3.0
10,0,"NGC 225","nan",10.92,61.78,122.01,-1.08,0.08,0.2,-28.0,"nan",1.0,-3.18,0.9,1.99,0.69,-3.12,2.09,8,657,0.27,9.93,3,8.19,2,"nan","nan","nan",8.11,3.0
11,0,"Berkeley 4","nan",11.37,64.4,122.28,1.53,0.08,0.2,"nan","nan","nan",-1.29,0.89,0.12,0.67,-1.29,0.15,9,3200,0.7,14.7,2,7.08,-2,"nan","nan","nan","nan","nan"
12,0,"IC 1590","NGC 281",13.2,56.63,123.12,-6.24,0.06,0.11,-37.5,10.16,3.0,-1.36,0.23,-1.34,0.83,-1.35,-1.35,5,2384,0.32,12.88,3,6.84,-1,"nan","nan","nan",7.02,3.0
13,1,"Alessi 1","nan",13.36,49.57,123.26,-13.3,0.13,0.45,"nan","nan","nan",6.51,0.38,-7.7,0.28,6.57,-7.65,23,800,0.1,9.82,2,8.85,9,"nan","nan","nan",8.2,1.0
14,1,"NGC 381","nan",17.08,61.6,124.94,-1.21,0.1,0.1,-22.0,6.0,2.0,0.81,0.75,-1.51,0.82,0.91,-1.45,5,1058,0.34,11.18,3,8.77,3,"nan","nan","nan",8.57,3.0
15,0,"Platais 2","nan",18.25,32.08,128.23,-30.57,1.7,1.7,0.1,3.2,3.0,13.21,0.98,-9.98,0.74,14.12,-8.65,11,201,0.05,6.67,1,8.54,1,"nan","nan","nan",8.6,1.0
16,0,"NGC 433","nan",18.79,60.13,125.88,-2.61,0.05,0.12,"nan","nan","nan",-5.7,1.24,-0.37,0.79,-5.64,-0.89,5,2000,0.55,13.21,2,7.65,1,"nan","nan","nan",7.5,1.0
17,1,"NGC 457","nan",19.89,58.3,126.63,-4.37,0.12,0.26,-31.61,3.12,7.0,-1.35,0.47,-1.49,0.32,-1.18,-1.63,17,2429,0.47,13.38,3,7.38,6,-25.1,3.0,1.0,7.32,3.0
18,1,"NGC 581","M 103",23.34,60.65,128.05,-1.81,0.06,0.12,-40.42,1.59,5.0,-0.69,0.38,0.2,0.7,-0.71,0.09,11,2194,0.39,12.91,3,7.44,1,-43.7,5.3,1.0,7.34,3.0
19,1,"NGC 637","nan",25.77,64.04,128.54,1.73,0.05,0.1,-39.1,7.1,2.0,0.34,1.19,-2.2,0.48,0.77,-2.09,6,2160,0.61,13.56,3,7.21,2,-46.0,10.0,1.0,6.98,3.0
20,1,"NGC 654","nan",25.99,61.88,129.08,-0.37,0.06,0.11,-38.79,"nan",1.0,-1.34,1.17,0.49,1.02,-1.41,0.21,3,2041,0.87,14.25,3,7.3,-3,-33.8,1.4,1.0,7.15,3.0
21,0,"NGC 659","nan",26.1,60.67,129.37,-1.54,0.06,0.1,"nan","nan","nan",-2.97,1.02,-0.55,1.06,-2.8,-1.14,5,1938,0.65,13.45,3,7.8,3,"nan","nan","nan",7.55,3.0
22,0,"NGC 663","nan",26.53,61.24,129.46,-0.94,0.1,0.3,-30.98,3.13,4.0,-2.91,0.43,-2.09,0.29,-2.41,-2.66,29,1952,0.78,13.87,3,7.14,4,-32.0,2.0,1.0,7.21,3.0
23,1,"Collinder 463","nan",26.73,71.8,127.28,9.4,0.22,0.72,"nan","nan","nan",-1.13,0.18,-2.32,0.2,-0.6,-2.51,56,702,0.3,10.16,3,8.35,5,"nan","nan","nan",8.37,3.0
24,0,"Stock 4","nan",28.24,57.07,131.25,-4.81,0.1,0.21,"nan","nan","nan",1.47,0.49,1.18,0.53,1.15,1.49,18,1200,0.1,10.71,2,8.7,10,"nan","nan","nan","nan","nan"
25,0,"NGC 752","nan",29.41,37.78,137.12,-23.26,0.37,1.45,3.52,1.79,17.0,7.66,0.23,-12.15,0.26,10.72,-9.56,87,458,0.04,8.43,3,9.14,33,4.7,0.8,1.0,9.05,3.0
26,0,"NGC 744","nan",29.64,55.47,132.4,-6.17,0.08,0.2,"nan","nan","nan",-2.85,0.61,-3.15,0.5,-1.94,-3.78,14,1207,0.38,11.59,3,8.41,2,"nan","nan","nan",8.25,3.0
27,0,"Stock 5","nan",31.12,64.36,130.73,2.6,0.08,0.23,-19.3,0.7,2.0,-0.85,0.42,-1.51,0.38,-0.39,-1.69,12,1100,0.4,11.45,2,7.73,2,-18.0,"nan",4.0,"nan","nan"
28,1,"Stock 2","nan",33.6,59.27,133.36,-1.92,0.65,2.8,-2.85,3.82,28.0,16.22,0.18,-13.39,0.2,19.61,-7.59,135,380,0.34,8.95,3,8.17,3,0.8,3.3,1.0,8.22,3.0
29,1,"NGC 869","h Per",34.77,57.15,134.63,-3.72,0.23,1.75,-39.82,2.02,10.0,-0.49,0.47,-0.9,0.39,-0.16,-1.01,20,2079,0.48,13.08,3,7.28,5,-42.3,2.6,1.0,7.07,3.0
30,1,"NGC 884","chi Per",35.5,57.14,135.01,-3.6,0.2,1.75,-38.14,7.09,8.0,-0.84,0.44,-0.23,0.5,-0.71,-0.5,21,2345,0.56,13.59,3,7.1,1,-40.5,2.8,1.0,7.03,3.0
31,0,"NGC 886","nan",35.86,63.77,132.89,2.69,0.07,0.15,"nan","nan","nan",1.24,0.76,1.56,0.73,0.62,1.89,8,1700,0.4,12.39,2,8.48,2,"nan","nan","nan","nan","nan"
32,1,"Stock 7","Markarian 6",37.41,60.71,134.66,0.09,0.07,0.18,-0.5,9.5,2.0,-4.89,0.6,-0.62,0.65,-4.31,-2.38,7,698,0.56,10.95,3,7.13,-1,-12.2,3.9,1.0,7.21,3.0
33,0,"IC 1805","nan",38.17,61.45,134.72,0.91,0.1,0.22,-47.64,18.09,5.0,-1.34,0.32,-1.15,0.33,-0.8,-1.57,11,1886,0.65,13.39,3,6.73,-1,-45.0,10.7,1.0,6.82,3.0
34,0,"NGC 957","nan",38.34,57.56,136.28,-2.65,0.08,0.22,-39.5,3.77,3.0,1.15,0.73,-1.52,0.77,1.64,-0.96,11,1815,0.84,13.9,3,6.84,1,-42.7,"nan",1.0,7.04,3.0
35,0,"Trumpler 2","nan",39.22,55.92,137.37,-3.97,0.15,0.5,-39.0,"nan",1.0,1.4,0.44,-5.57,0.42,3.49,-4.56,26,649,0.32,10.05,3,7.93,3,2.4,0.7,1.0,8.17,3.0
36,0,"NGC 1039","M 34",40.51,42.76,143.65,-15.62,0.09,0.37,"nan","nan","nan",-0.22,0.17,-6.93,0.2,2.77,-6.35,37,499,0.07,8.71,3,8.42,6,-15.0,2.3,1.0,8.25,3.0
37,0,"NGC 1027","nan",40.66,61.63,135.74,1.55,0.1,0.24,15.0,"nan",1.0,-2.42,0.46,1.41,0.63,-2.79,0.28,19,772,0.33,10.46,3,8.55,6,15.0,1.0,1.0,8.2,3.0
38,0,"IC 1848","nan",42.79,60.43,137.19,0.91,0.09,0.34,-29.24,8.54,5.0,-2.51,0.64,-0.7,0.65,-1.94,-1.74,12,2002,0.6,13.37,3,6.65,-1,-33.3,8.9,1.0,6.84,3.0
39,1,"Collinder 33","nan",44.82,60.4,138.09,1.34,0.12,0.36,-6.75,13.12,4.0,2.7,0.67,3.17,0.57,0.89,4.07,16,1000,0.4,11.24,2,8.36,4,"nan","nan","nan","nan","nan"
40,0,"Trumpler 3","Harvard 1",47.95,63.19,138.01,4.5,0.13,0.5,"nan","nan","nan",-2.42,0.53,0.89,0.46,-2.53,-0.48,19,450,0.22,8.95,2,8.34,1,"nan","nan","nan","nan","nan"
41,0,"Stock 23","nan",49.05,60.05,140.08,2.09,0.08,0.18,-16.75,4.25,2.0,-1.34,1.1,-1.11,1.14,-0.56,-1.65,4,380,0.26,8.7,2,7.51,1,"nan","nan","nan","nan","nan"
42,1,"Melotte 20","alpha Per",51.49,49.12,147.2,-6.33,1.3,6.25,-2.64,0.8,66.0,21.98,0.2,-25.36,0.17,32.4,-8.74,92,190,0.09,6.67,5,7.55,1,-2.0,"nan",4.0,7.85,3.0
43,0,"King 6","nan",52.02,56.45,143.35,-0.08,0.05,0.11,"nan","nan","nan",-0.77,0.78,-2.01,1.23,0.49,-2.1,5,450,0.58,10.06,2,8.41,2,"nan","nan","nan",8.4,1.0
44,0,"Alessi 13","nan",52.05,-35.9,237.65,-55.71,3.2,3.2,20.1,5.1,2.0,36.97,0.73,-3.18,0.4,0.87,37.1,7,110,0.04,5.33,1,8.72,1,"nan","nan","nan","nan","nan"
45,0,"NGC 1342","nan",52.9,37.34,154.97,-15.38,0.1,0.25,"nan","nan","nan",0.13,0.8,-2.72,0.77,1.72,-2.11,9,665,0.32,10.11,3,8.21,2,-10.9,0.3,1.0,8.66,3.0
46,1,"IC 348","nan",56.14,32.16,160.49,-17.81,0.06,0.13,14.0,"nan",1.0,5.37,0.62,-7.43,1.01,8.88,-2.26,5,394,0.82,10.52,3,7.79,1,18.1,3.5,1.0,7.64,3.0
47,1,"Melotte 22","Pleiades, M45",56.83,24.12,166.63,-23.47,1.1,6.4,5.41,0.37,85.0,19.33,0.11,-45.0,0.12,44.6,-20.23,97,130,0.02,5.63,2,8.08,1,4.8,5.1,1.0,8.13,3.0
48,0,"Tombaugh 5","nan",56.95,59.05,143.94,3.57,0.09,0.18,"nan","nan","nan",-0.39,0.64,-2.64,0.92,1.33,-2.31,6,1000,0.25,10.77,2,8.73,3,"nan","nan","nan","nan","nan"
49,1,"NGC 1502","nan",61.96,62.33,143.67,7.65,0.08,0.21,-20.78,6.42,6.0,-0.69,0.45,-1.03,0.48,0.19,-1.22,15,821,0.65,11.59,3,6.8,1,-12.4,4.5,1.0,7.05,3.0
50,1,"NGC 1528","nan",63.84,51.22,152.05,0.25,0.14,0.44,"nan","nan","nan",1.67,0.31,-2.46,0.28,2.91,-0.62,33,776,0.24,10.19,3,8.43,2,-10.3,0.3,1.0,8.57,3.0
51,0,"NGC 1545","nan",65.23,50.25,153.36,0.18,0.07,0.21,-12.7,"nan",1.0,-1.63,0.77,-1.0,0.45,-0.45,-1.86,7,711,0.3,10.19,3,8.15,1,-12.0,2.0,1.0,8.45,3.0
52,0,"NGC 1582","nan",67.89,43.8,159.25,-3.02,0.15,0.48,"nan","nan","nan",1.44,0.29,-0.3,0.39,1.2,0.85,12,600,0.22,9.57,2,8.6,3,"nan","nan","nan",8.47,1.0
53,1,"Platais 3","nan",68.85,71.58,138.74,15.98,0.65,2.5,7.0,"nan",1.0,3.3,0.4,-20.5,0.37,17.85,-10.61,18,200,0.1,6.82,2,8.7,1,"nan","nan","nan",8.6,1.0
54,1,"NGC 1647","nan",71.47,19.11,180.33,-16.78,0.23,0.63,"nan","nan","nan",-1.43,0.23,-1.83,0.18,0.58,-2.25,35,539,0.32,9.65,3,7.96,1,-2.0,4.4,1.0,8.16,3.0
55,0,"Alessi 2","nan",71.56,55.23,152.29,6.36,0.1,0.28,"nan","nan","nan",-0.08,0.4,0.31,0.49,-0.29,0.14,11,501,0.18,9.06,1,8.6,4,"nan","nan","nan",8.5,1.0
56,0,"NGC 1662","nan",72.1,10.94,187.68,-21.12,0.12,0.43,"nan","nan","nan",-3.28,0.19,-1.78,0.29,-0.42,-3.71,27,437,0.3,9.13,3,8.68,12,-13.9,0.5,1.0,8.62,3.0
57,0,"NGC 1664","nan",72.79,43.66,161.69,-0.45,0.11,0.33,36.1,"nan",1.0,-2.54,0.31,-6.21,0.32,3.16,-5.92,20,1199,0.25,11.17,3,8.72,7,7.8,1.5,1.0,8.47,3.0
58,1,"Berkeley 14A","nan",75.1,43.48,162.88,0.74,0.15,0.74,4.82,3.74,5.0,-0.73,0.25,-2.94,0.27,1.87,-2.39,29,1100,0.23,10.92,2,6.97,1,"nan","nan","nan",9.2,1.0
59,0,"NGC 1708","nan",75.85,52.85,155.74,6.85,0.08,0.21,"nan","nan","nan",-3.52,0.6,0.39,0.47,-2.43,-2.58,9,600,0.32,9.88,2,8.76,3,"nan","nan","nan","nan","nan"
60,1,"NGC 1746","nan",75.96,23.77,179.07,-10.65,0.17,0.57,2.0,"nan",1.0,-1.87,0.18,-3.07,0.2,1.38,-3.32,36,760,0.25,10.18,1,8.19,4,2.0,"nan",4.0,8.6,1.0
61,1,"Platais 4","nan",76.72,22.37,180.65,-10.9,0.25,1.25,13.8,5.08,3.0,2.36,0.29,-6.33,0.35,6.52,-1.76,21,276,0.25,7.98,1,8.24,1,"nan","nan","nan",8.0,1.0
62,1,"NGC 1778","nan",77.01,37.02,168.9,-2.03,0.07,0.18,8.17,2.98,3.0,-0.76,0.41,-3.11,0.53,2.04,-2.47,6,1454,0.23,11.53,3,8.18,1,10.0,2.0,1.0,8.16,3.0
63,0,"NGC 1802","nan",77.56,24.14,179.64,-9.24,0.1,0.3,"nan","nan","nan",-0.48,0.44,-8.23,0.64,6.43,-5.16,7,400,0.25,8.78,2,8.66,1,"nan","nan","nan","nan","nan"
64,0,"NGC 1817","nan",78.06,16.69,186.15,-13.1,0.1,0.23,"nan","nan","nan",-0.06,0.63,-3.13,0.53,2.56,-1.8,8,1972,0.33,12.5,3,8.25,2,65.33,0.1,1.0,8.61,3.0
65,0,"NGC 1901","nan",79.56,-68.44,279.03,-33.6,0.1,0.5,-9.63,9.63,3.0,1.16,0.5,9.8,0.41,-9.84,-0.74,15,409,0.02,8.12,3,8.93,3,14.0,1.3,1.0,8.81,3.0
66,1,"NGC 1893","nan",80.68,33.41,173.58,-1.69,0.08,0.2,-2.25,5.25,2.0,0.35,0.38,-4.37,0.36,3.8,-2.18,11,3280,0.4,13.82,3,6.82,-1,-7.7,0.3,1.0,7.03,3.0
67,0,"NGC 1896","nan",81.42,29.3,177.34,-3.48,0.09,0.19,"nan","nan","nan",0.54,0.77,-8.03,0.59,6.97,-4.03,6,820,0.15,10.03,2,8.8,2,"nan","nan","nan","nan","nan"
68,1,"Collinder 65","nan",81.52,15.7,188.86,-10.86,1.05,2.4,17.4,1.9,9.0,1.16,0.22,-6.46,0.19,6.07,-2.48,73,310,0.13,7.86,2,7.41,-1,"nan","nan","nan","nan","nan"
69,0,"NGC 1907","nan",82.02,35.33,172.61,0.3,0.07,0.22,"nan","nan","nan",0.15,0.5,-3.4,0.46,2.91,-1.76,11,1330,0.42,11.92,4,7.94,3,0.1,1.8,1.0,8.11,4.0
70,0,"Stock 8","nan",82.03,34.42,173.37,-0.19,0.1,0.25,-6.4,"nan",1.0,-1.44,0.32,-3.9,0.55,2.44,-3.36,21,1821,0.44,12.67,3,7.61,2,8.3,"nan",1.0,7.06,3.0
71,0,"NGC 1912","M 38",82.18,35.83,172.27,0.69,0.13,0.41,"nan","nan","nan",0.23,0.17,-5.44,0.19,4.66,-2.82,61,1066,0.25,10.91,3,8.56,25,-1.0,"nan",1.0,8.46,3.0
72,1,"Collinder 69","lambda Ori",83.79,9.7,195.26,-12.12,0.18,0.55,31.38,1.42,4.0,0.4,0.47,-1.93,0.34,1.86,-0.64,15,438,0.09,8.49,3,6.76,1,30.5,2.6,1.0,7.05,3.0
73,0,"NGC 1981","nan",83.79,-4.4,208.06,-18.96,0.13,0.25,27.94,2.4,5.0,1.01,0.46,1.14,0.47,-0.55,1.42,6,400,0.05,8.16,1,7.5,1,28.0,"nan",4.0,"nan","nan"
74,1,"NGC 1976","Trapezium",83.82,-5.39,209.01,-19.39,0.2,0.4,28.94,2.72,24.0,1.96,0.31,-0.77,0.46,1.57,1.4,12,399,0.05,8.16,1,7.71,1,29.9,27.1,1.0,7.11,1.0
75,0,"NGC 1977","nan",83.85,-4.82,208.48,-19.1,0.09,0.21,25.26,2.37,3.0,2.42,0.76,-1.9,0.82,2.79,1.29,6,500,0.05,8.65,2,7.08,1,"nan","nan","nan","nan","nan"
76,0,"NGC 1980","nan",83.85,-5.91,209.51,-19.6,0.13,0.21,25.34,2.1,5.0,0.83,0.5,-0.36,0.58,0.69,0.58,7,550,0.05,8.86,2,6.67,1,21.0,"nan",4.0,"nan","nan"
77,0,"Collinder 70","nan",83.88,-1.1,205.03,-17.35,0.4,1.5,19.49,2.19,21.0,0.36,0.14,-0.68,0.16,0.77,0.0,89,391,0.04,8.09,3,6.71,1,20.2,11.0,1.0,6.98,3.0
78,0,"NGC 1960","M 36",84.07,34.14,174.53,1.07,0.09,0.27,-1.18,4.6,13.0,0.5,0.36,-4.94,0.21,4.43,-2.24,24,1318,0.22,11.28,3,7.62,4,-2.0,10.3,1.0,7.47,3.0
79,0,"NGC 1996","nan",84.51,25.77,181.8,-3.11,0.1,0.2,"nan","nan","nan",0.58,0.87,-4.35,0.35,3.99,-1.83,8,1400,0.15,11.2,2,8.45,1,"nan","nan","nan","nan","nan"
80,0,"Sigma Ori","nan",84.67,-2.61,206.82,-17.36,0.1,0.4,29.45,0.45,2.0,3.42,1.05,-0.2,0.6,1.76,2.94,5,399,0.05,8.16,1,6.82,1,"nan","nan","nan",7.11,1.0
81,0,"Stock 10","nan",84.75,37.93,171.62,3.55,0.1,0.32,-8.15,"nan",1.0,-3.34,0.36,-1.57,0.55,-0.44,-3.66,9,380,0.08,8.15,1,8.42,5,-13.1,3.6,1.0,8.35,1.0
82,1,"NGC 2099","M 37",88.08,32.55,177.64,3.09,0.13,0.32,"nan","nan","nan",3.09,0.23,-7.35,0.25,7.9,-1.07,49,1383,0.3,11.63,3,8.54,-3,7.7,0.9,1.0,8.54,3.0
83,1,"Basel 11B","nan",89.55,21.97,187.44,-1.12,0.09,0.18,"nan","nan","nan",-0.29,0.65,-3.33,0.5,2.74,-1.91,7,1500,0.1,11.19,2,8.82,3,"nan","nan","nan",8.3,4.0
84,1,"NGC 2129","nan",90.27,23.32,186.59,0.13,0.05,0.09,12.6,2.12,3.0,0.23,0.59,-0.68,0.77,0.7,-0.14,4,1515,0.74,13.2,3,7.08,1,-6.3,1.4,1.0,7.32,3.0
85,1,"NGC 2143","nan",90.78,5.77,202.19,-8.02,0.09,0.21,"nan","nan","nan",2.85,0.6,2.4,0.64,-0.75,3.65,6,800,0.0,9.52,2,9.15,-3,"nan","nan","nan","nan","nan"
86,0,"NGC 2169","nan",92.1,13.97,195.6,-2.94,0.08,0.15,22.22,2.41,8.0,-2.17,0.52,-2.52,0.32,1.16,-3.12,8,1032,0.2,10.69,3,6.89,-1,17.0,6.0,1.0,7.07,3.0
87,0,"NGC 2168","M 35",92.28,24.35,186.6,2.24,0.2,0.95,-7.15,4.77,6.0,2.38,0.14,-2.95,0.11,3.73,0.66,128,830,0.26,10.4,3,8.18,16,-8.7,3.0,1.0,8.04,3.0
88,0,"NGC 2180","nan",92.44,4.81,203.84,-7.02,0.09,0.18,"nan","nan","nan",1.34,0.47,-1.83,0.55,2.25,0.32,9,910,0.0,9.8,1,9.24,2,"nan","nan","nan",8.85,1.0
89,1,"NGC 2184","nan",92.8,-3.44,211.41,-10.52,0.08,0.2,"nan","nan","nan",-3.59,0.7,-1.93,0.71,0.09,-4.07,4,640,0.08,9.28,2,8.37,1,"nan","nan","nan","nan","nan"
90,1,"NGC 2186","nan",93.03,5.46,203.54,-6.2,0.06,0.12,"nan","nan","nan",1.61,0.09,-0.29,0.46,1.01,1.28,5,1445,0.26,11.6,3,8.08,-2,"nan","nan","nan",7.74,3.0
91,1,"Platais 6","nan",93.85,3.92,205.3,-6.19,0.55,1.57,26.0,13.0,2.0,-4.45,0.25,-4.27,0.28,1.7,-5.93,40,348,0.0,7.71,1,7.79,1,"nan","nan","nan",7.78,1.0
92,0,"NGC 2202","nan",94.21,6.0,203.62,-4.9,0.08,0.12,"nan","nan","nan",0.42,0.66,1.52,0.36,-1.15,1.08,5,900,0.0,9.77,2,8.74,2,"nan","nan","nan","nan","nan"
93,1,"Collinder 89","nan",94.87,23.3,188.65,3.83,0.15,0.5,26.23,7.64,3.0,0.42,0.3,-2.15,0.37,2.1,-0.64,16,800,0.48,11.0,2,7.5,2,"nan","nan","nan","nan","nan"
94,0,"NGC 2215","nan",95.2,-7.28,215.99,-10.1,0.09,0.28,"nan","nan","nan",2.44,0.38,-5.59,0.49,6.09,-0.3,12,1293,0.3,11.49,3,8.43,1,"nan","nan","nan",8.37,3.0
95,1,"NGC 2232","nan",96.97,-4.8,214.54,-7.42,0.12,0.6,16.63,4.53,3.0,-4.31,0.32,-2.4,0.25,0.2,-4.93,20,325,0.03,7.65,5,7.49,1,18.2,7.1,1.0,7.73,3.0
96,0,"Collinder 95","nan",97.77,9.9,201.81,0.03,0.08,0.2,-11.0,"nan",1.0,-1.81,0.42,-4.62,1.56,3.26,-3.74,6,556,0.1,9.03,1,8.36,1,"nan","nan","nan","nan","nan"
97,0,"Collinder 97","nan",97.83,5.95,205.34,-1.74,0.3,0.3,17.5,5.5,3.0,-3.78,0.47,-2.03,0.46,0.06,-4.29,6,500,0.07,8.71,2,8.32,1,-14.7,11.7,1.0,8.0,1.0
98,1,"NGC 2244","nan",97.98,4.94,206.3,-2.08,0.14,0.32,26.16,3.37,12.0,-1.42,0.39,-0.32,0.37,-0.37,-1.41,15,1445,0.4,12.04,3,6.7,-1,36.6,5.5,1.0,6.9,3.0
99,0,"NGC 2240","nan",98.29,35.25,179.21,11.84,0.1,0.27,"nan","nan","nan",1.92,1.07,-12.88,0.63,12.49,-3.7,8,450,0.17,8.79,2,9.5,1,"nan","nan","nan","nan","nan"
100,0,"Basel 8","nan",98.55,8.01,203.84,-0.16,0.1,0.25,11.0,"nan",1.0,0.5,0.47,-2.29,0.68,2.26,-0.61,10,1328,0.37,11.76,3,7.68,3,"nan","nan","nan",8.1,3.0
101,0,"NGC 2252","nan",98.62,5.37,206.22,-1.31,0.08,0.16,"nan","nan","nan",-1.26,0.68,-4.11,0.47,3.07,-3.01,6,900,0.1,10.08,2,8.84,1,"nan","nan","nan","nan","nan"
102,1,"NGC 2251","nan",98.65,8.37,203.57,0.1,0.07,0.2,-16.0,"nan",1.0,0.67,0.44,-2.79,0.44,2.79,-0.69,14,1329,0.19,11.21,3,8.43,-3,24.7,0.4,1.0,8.43,3.0
103,0,"Ruprecht 1","nan",99.1,-14.18,223.99,-9.69,0.08,0.25,"nan","nan","nan",2.2,0.48,0.1,0.34,0.86,2.03,11,1100,0.15,10.67,2,8.76,5,"nan","nan","nan","nan","nan"
104,0,"Collinder 106","nan",99.34,5.95,206.03,-0.41,0.2,0.52,28.72,4.99,5.0,-1.98,0.22,1.47,0.4,-2.22,-1.08,15,1600,0.23,11.73,2,6.74,-1,"nan","nan","nan","nan","nan"
105,1,"Collinder 107","nan",99.63,4.63,207.34,-0.76,0.07,0.15,17.73,6.11,3.0,-2.58,0.73,-0.75,0.61,-0.52,-2.64,4,1450,0.4,12.05,2,7.03,1,"nan","nan","nan",7.0,1.0
106,1,"Collinder 110, Collinder 110A","nan",99.75,2.02,209.71,-1.85,0.09,0.22,"nan","nan","nan",-1.42,0.49,0.13,0.49,-0.77,-1.2,6,450,0.32,9.26,2,8.19,1,"nan","nan","nan",9.15,1.0
107,0,"NGC 2264","S Mon",100.24,9.88,202.95,2.19,0.16,0.73,17.68,2.26,13.0,-2.7,0.25,-3.5,0.26,1.88,-4.0,35,660,0.04,9.22,3,6.81,1,22.3,3.0,1.0,6.95,3.0
108,0,"NGC 2269","nan",100.8,4.62,207.88,0.27,0.07,0.15,"nan","nan","nan",-2.99,0.54,-4.35,0.62,2.5,-4.65,7,1687,0.4,12.38,3,8.76,1,"nan","nan","nan",8.42,3.0
109,0,"NGC 2270","nan",100.99,3.48,208.98,-0.07,0.11,0.32,40.0,"nan",1.0,-0.17,0.33,-3.12,0.28,2.7,-1.58,26,1400,0.06,10.92,2,8.64,8,"nan","nan","nan","nan","nan"
110,0,"NGC 2287","M 41",101.5,-20.76,231.02,-10.45,0.16,0.5,23.3,1.89,4.0,-4.57,0.19,-0.67,0.17,-1.34,-4.42,58,693,0.03,9.3,3,8.45,13,25.8,0.6,1.0,8.38,3.0
111,0,"NGC 2281","nan",102.07,41.08,174.9,16.88,0.12,0.43,21.0,"nan",1.0,-4.13,0.18,-7.74,0.25,5.68,-6.69,28,558,0.06,8.92,3,8.7,4,11.0,2.0,1.0,8.55,3.0
112,0,"NGC 2301","nan",102.94,0.46,212.56,0.28,0.08,0.25,62.0,"nan",1.0,-1.5,0.2,-4.35,0.2,3.19,-3.32,32,858,0.03,9.76,3,8.31,1,11.9,2.8,1.0,8.22,3.0
113,0,"NGC 2302","nan",102.97,-7.08,219.29,-3.12,0.08,0.08,"nan","nan","nan",-2.03,0.27,-2.99,0.9,1.74,-3.16,6,1182,0.2,10.98,3,8.49,3,"nan","nan","nan",7.85,3.0
114,0,"NGC 2306","nan",103.62,-7.22,219.7,-2.62,0.08,0.17,"nan","nan","nan",-0.98,0.57,1.91,0.38,-2.15,-0.01,9,1200,0.05,10.55,2,8.85,4,"nan","nan","nan","nan","nan"
115,1,"Collinder 121","nan",103.68,-24.3,235.14,-10.14,0.23,0.53,35.3,"nan",1.0,-3.87,0.34,4.08,0.35,-5.34,-1.75,19,1100,0.04,10.33,2,7.08,-1,30.6,4.2,1.0,7.05,3.0
116,0,"NGC 2311","nan",104.44,-4.61,217.75,-0.7,0.07,0.15,"nan","nan","nan",-3.2,1.17,2.77,1.34,-3.93,-1.58,7,2000,0.2,12.12,2,8.6,2,"nan","nan","nan",8.6,1.0
117,0,"NGC 2319","nan",105.18,3.04,211.28,3.44,0.08,0.2,"nan","nan","nan",-0.54,0.48,-1.55,0.59,1.14,-1.19,7,1100,0.05,10.36,2,8.61,2,"nan","nan","nan","nan","nan"
118,0,"NGC 2323","M 50",105.67,-8.37,221.66,-1.33,0.1,0.37,"nan","nan","nan",0.34,0.23,-1.58,0.26,1.56,-0.42,40,881,0.21,10.38,3,8.13,4,9.5,4.0,1.0,8.1,3.0
119,0,"VDB 92, vdBergh 92","nan",105.97,-11.49,224.57,-2.49,0.08,0.2,17.33,0.65,3.0,-5.22,0.46,2.52,0.45,-4.63,-3.49,9,1500,0.25,11.65,2,7.59,1,"nan","nan","nan","nan","nan"
120,0,"NGC 2335","nan",106.71,-10.03,223.6,-1.18,0.09,0.25,"nan","nan","nan",1.45,0.38,-3.31,0.61,3.61,-0.23,9,1417,0.39,11.97,3,8.08,2,"nan","nan","nan",8.21,3.0
121,0,"Ruprecht 12","nan",106.83,-28.22,239.97,-9.29,0.1,0.17,"nan","nan","nan",-3.77,0.99,1.34,0.88,-2.85,-2.81,5,900,0.05,9.93,2,7.56,1,"nan","nan","nan","nan","nan"
122,1,"NGC 2343","nan",107.02,-10.62,224.27,-1.18,0.07,0.12,"nan","nan","nan",-0.55,0.29,2.07,0.84,-2.09,0.46,6,1056,0.12,10.49,3,8.23,1,"nan","nan","nan",7.1,3.0
123,1,"NGC 2345","nan",107.07,-13.19,226.57,-2.32,0.07,0.12,"nan","nan","nan",-1.13,0.33,0.03,0.6,-0.55,-0.99,7,2251,0.68,13.87,3,7.74,1,"nan","nan","nan",7.85,3.0
124,0,"Haffner 23","nan",107.32,-16.92,230.0,-3.81,0.1,0.2,"nan","nan","nan",-3.7,0.62,-0.63,0.41,-1.13,-3.58,12,1000,0.1,10.31,2,8.84,3,"nan","nan","nan","nan","nan"
125,0,"Alessi 21","nan",107.7,-9.34,223.44,0.0,0.1,0.5,38.8,"nan",1.0,-3.65,0.36,3.04,0.37,-4.38,-1.83,17,500,0.07,8.71,2,7.47,1,"nan","nan","nan","nan","nan"
126,1,"Collinder 132","nan",108.39,-31.03,243.13,-9.3,0.1,0.3,28.0,"nan",1.0,-5.9,0.44,5.09,1.05,-7.17,-3.05,7,411,0.02,8.13,3,7.51,1,26.0,2.0,1.0,7.02,3.0
127,0,"NGC 2354","nan",108.52,-25.69,238.36,-6.81,0.1,0.18,"nan","nan","nan",-5.41,0.93,-1.14,0.64,-1.43,-5.34,10,3794,0.29,13.79,3,8.1,1,33.4,0.3,1.0,8.14,3.0
128,1,"NGC 2353","nan",108.63,-10.27,224.69,0.38,0.1,0.25,22.3,10.3,2.0,-2.81,0.38,0.94,0.39,-2.14,-2.05,15,1119,0.07,10.46,3,7.05,1,32.6,0.5,1.0,7.97,3.0
129,0,"Alessi 3","nan",109.08,-46.61,257.84,-15.37,0.15,0.55,"nan","nan","nan",-11.63,0.39,12.61,0.53,-16.19,-5.66,14,288,0.11,7.64,1,8.87,3,"nan","nan","nan",8.7,1.0
130,0,"NGC 2358","nan",109.23,-17.15,231.05,-2.3,0.08,0.27,"nan","nan","nan",-0.4,0.45,-1.17,0.41,0.85,-0.9,16,630,0.02,9.06,2,8.72,3,"nan","nan","nan","nan","nan"
131,1,"Basel 11A","nan",109.27,-13.97,228.25,-0.78,0.06,0.15,"nan","nan","nan",-2.49,0.91,1.0,0.79,-2.05,-1.74,3,1500,0.18,11.44,2,7.42,2,"nan","nan","nan",7.82,3.0
132,0,"NGC 2360","nan",109.42,-15.64,229.8,-1.43,0.1,0.25,25.47,0.78,12.0,-2.62,0.3,4.89,0.32,-5.55,-0.04,31,1887,0.11,11.72,3,8.59,10,27.3,7.0,1.0,8.75,3.0
133,1,"Collinder 135","nan",109.45,-37.16,249.12,-11.19,0.2,1.1,15.35,2.2,4.0,-10.7,0.26,5.31,0.34,-9.42,-7.34,43,319,0.04,7.64,3,7.54,2,18.1,4.5,1.0,7.41,3.0
134,0,"NGC 2362","nan",109.66,-24.99,238.2,-5.57,0.06,0.25,25.33,8.88,3.0,-2.25,0.34,2.47,0.34,-3.23,-0.86,22,1389,0.1,11.02,3,6.64,-1,42.2,0.2,1.0,6.91,3.0
135,0,"NGC 2367","nan",110.02,-21.89,235.6,-3.84,0.06,0.17,45.33,7.01,4.0,-2.25,0.75,4.91,0.46,-5.39,0.29,7,2004,0.33,12.53,3,7.01,-1,41.0,8.0,1.0,6.74,3.0
136,1,"Collinder 140","nan",110.82,-32.06,245.0,-7.91,0.2,0.5,22.93,0.83,3.0,-8.5,0.31,3.67,0.4,-7.14,-5.89,16,402,0.03,8.11,3,7.57,2,22.9,1.4,1.0,7.55,3.0
137,0,"NGC 2374","nan",110.98,-13.26,228.41,1.02,0.1,0.27,"nan","nan","nan",-3.85,0.21,-1.14,0.36,-0.82,-3.93,23,1468,0.09,11.11,3,8.68,8,27.2,0.1,1.0,8.46,3.0
138,1,"NGC 2383","nan",111.16,-20.95,235.27,-2.47,0.06,0.1,"nan","nan","nan",-6.84,1.01,3.7,0.91,-6.49,-4.28,7,1655,0.21,11.74,3,8.64,1,"nan","nan","nan",7.17,3.0
139,1,"NGC 2384","nan",111.28,-21.02,235.38,-2.4,0.08,0.13,49.54,4.53,5.0,-5.89,0.86,2.86,0.51,-5.3,-3.84,5,2116,0.26,12.43,3,7.13,1,51.0,7.0,1.0,6.9,3.0
140,0,"Trumpler 7","nan",111.84,-23.95,238.21,-3.34,0.07,0.15,32.87,2.87,3.0,-2.26,0.66,3.07,0.92,-3.77,-0.54,8,1474,0.27,11.68,3,7.72,1,34.0,6.0,1.0,7.43,3.0
141,0,"NGC 2396","nan",112.0,-11.72,227.52,2.63,0.09,0.22,17.7,"nan",1.0,-2.0,0.4,-1.4,0.33,0.28,-2.43,15,588,0.05,9.0,1,8.52,1,"nan","nan","nan","nan","nan"
142,1,"Bochum 5","nan",112.75,-16.93,232.45,0.77,0.08,0.22,41.0,"nan",1.0,-2.11,0.52,-0.66,0.65,-0.44,-2.17,11,2000,0.4,12.74,2,8.45,1,16.0,2.5,1.0,7.55,1.0
143,1,"Bochum 4","nan",112.9,-17.19,232.75,0.77,0.06,0.13,16.0,"nan",1.0,-1.69,0.58,0.49,0.41,-1.24,-1.25,7,872,0.19,10.29,3,7.25,-1,"nan","nan","nan",7.54,3.0
144,0,"NGC 2413","nan",113.28,-13.04,229.28,3.09,0.09,0.2,"nan","nan","nan",-2.01,0.59,0.99,0.25,-1.84,-1.29,8,440,0.04,8.34,2,8.46,1,"nan","nan","nan","nan","nan"
145,0,"NGC 2414","nan",113.31,-15.45,231.41,1.95,0.06,0.12,65.6,1.6,2.0,-2.42,0.61,1.65,0.76,-2.61,-1.32,7,2888,0.56,14.04,3,6.94,-2,68.7,5.6,1.0,6.86,3.0
146,0,"NGC 2421","nan",114.06,-20.61,236.27,0.07,0.07,0.15,"nan","nan","nan",-3.37,0.45,4.43,0.59,-5.51,-0.78,10,2181,0.45,13.09,3,7.41,1,"nan","nan","nan",7.37,3.0
147,0,"NGC 2422","nan",114.15,-14.48,230.95,3.13,0.13,0.51,36.72,2.92,13.0,-6.91,0.2,1.87,0.22,-4.99,-5.13,45,491,0.07,8.67,3,8.12,5,34.6,11.0,1.0,7.86,3.0
148,0,"NGC 2423","nan",114.27,-13.87,230.48,3.53,0.11,0.46,21.67,2.54,9.0,-0.3,0.22,-2.28,0.19,1.85,-1.37,64,766,0.1,9.73,3,8.98,28,18.1,0.4,1.0,8.87,3.0
149,0,"Ruprecht 26","nan",114.3,-15.65,232.05,2.69,0.1,0.2,15.0,"nan",1.0,-3.38,0.46,-1.34,0.41,-0.48,-3.6,13,1440,0.1,11.1,2,7.49,1,"nan","nan","nan","nan","nan"
150,1,"Melotte 71","nan",114.37,-12.07,228.95,4.49,0.07,0.15,"nan","nan","nan",-3.59,0.49,6.26,0.43,-7.22,-0.11,10,3154,0.11,12.84,3,8.37,-3,"nan","nan","nan",8.37,3.0
151,0,"Ruprecht 27","nan",114.37,-26.53,241.58,-2.57,0.09,0.18,"nan","nan","nan",-3.65,0.5,2.65,0.94,-4.09,-1.89,6,560,0.15,9.21,2,8.41,-1,"nan","nan","nan","nan","nan"
152,0,"NGC 2428","nan",114.85,-16.53,233.08,2.72,0.07,0.12,"nan","nan","nan",-2.02,0.47,1.12,0.46,-1.97,-1.21,14,2100,0.05,11.77,2,8.68,2,"nan","nan","nan","nan","nan"
153,0,"NGC 2430","nan",114.9,-16.35,232.94,2.85,0.07,0.12,"nan","nan","nan",-4.07,0.48,1.28,0.69,-3.11,-2.92,7,650,0.17,9.59,2,8.68,1,"nan","nan","nan","nan","nan"
154,0,"ESO 493-03","nan",114.93,-27.29,242.48,-2.51,0.08,0.15,"nan","nan","nan",0.44,0.64,2.31,0.57,-1.8,1.52,8,1400,0.1,11.04,2,8.6,1,"nan","nan","nan","nan","nan"
155,0,"Haffner 13","nan",115.12,-30.08,245.0,-3.73,0.1,0.48,68.0,"nan",1.0,-6.44,0.42,5.4,0.45,-7.86,-2.97,18,714,0.05,9.42,1,7.51,1,"nan","nan","nan","nan","nan"
156,0,"NGC 2439","nan",115.18,-31.69,246.43,-4.47,0.09,0.18,"nan","nan","nan",-1.94,0.78,2.21,0.55,-2.88,-0.61,7,3855,0.4,14.17,3,6.82,1,64.3,0.7,1.0,7.25,3.0
157,1,"NGC 2432","nan",115.32,-19.15,235.58,1.82,0.08,0.2,14.4,"nan",1.0,-3.68,0.72,1.62,0.78,-3.23,-2.4,7,2030,0.12,11.91,2,8.18,1,14.4,"nan",1.0,8.8,1.0
158,0,"Ruprecht 151","nan",115.32,-16.29,233.09,3.23,0.08,0.2,"nan","nan","nan",-4.3,0.39,2.1,0.42,-3.94,-2.71,18,2100,0.2,12.23,2,8.49,3,"nan","nan","nan","nan","nan"
159,1,"NGC 2451A","nan",115.32,-38.53,252.5,-7.69,0.75,1.65,21.71,4.98,8.0,-21.8,0.25,15.09,0.28,-23.71,-11.87,26,188,0.0,6.37,5,7.76,1,27.0,"nan",4.0,7.65,3.0
160,0,"NGC 2437","M 46",115.42,-14.81,231.85,4.05,0.12,0.38,48.09,"nan",1.0,-4.22,0.18,1.2,0.17,-3.12,-3.09,76,1375,0.15,11.16,3,8.16,6,48.1,0.1,1.0,8.39,3.0
161,0,"Ruprecht 31","nan",115.74,-35.6,250.09,-5.98,0.06,0.13,"nan","nan","nan",-4.73,1.97,2.2,1.18,-4.23,-3.05,4,480,0.09,8.69,2,8.56,1,"nan","nan","nan","nan","nan"
162,1,"NGC 2451B","nan",116.11,-37.67,252.05,-6.73,0.2,0.4,13.7,7.13,3.0,-10.11,0.59,4.2,0.5,-8.61,-6.77,11,430,0.05,8.32,2,7.88,1,27.0,"nan",4.0,7.65,1.0
163,0,"NGC 2447","M 93",116.14,-23.86,240.05,0.15,0.1,0.32,21.31,0.67,11.0,-3.76,0.27,3.91,0.21,-5.27,-1.3,64,1037,0.05,10.23,3,8.76,29,21.7,0.7,1.0,8.59,3.0
164,0,"NGC 2448","nan",116.14,-24.68,240.76,-0.26,0.12,0.3,15.0,"nan",1.0,-3.8,0.44,4.69,0.38,-5.96,-0.95,17,1040,0.02,10.15,2,7.19,1,"nan","nan","nan","nan","nan"
165,0,"Ruprecht 34","nan",116.47,-20.38,237.19,2.15,0.06,0.16,"nan","nan","nan",-2.73,0.78,-2.1,0.84,0.45,-3.41,6,800,0.1,9.82,2,8.9,1,"nan","nan","nan","nan","nan"
166,0,"Haffner 16","nan",117.58,-25.46,242.09,0.47,0.05,0.11,65.8,"nan",1.0,-5.51,0.72,0.62,1.1,-3.34,-4.43,6,3165,0.18,13.06,3,7.51,-1,"nan","nan","nan",7.08,3.0
167,0,"NGC 2477","nan",118.03,-38.53,253.56,-5.84,0.1,0.22,"nan","nan","nan",-0.23,0.56,1.83,0.29,-1.7,0.72,13,1222,0.28,11.3,3,8.61,3,7.0,4.0,1.0,8.49,3.0
168,0,"ESO 123-26","nan",118.05,-60.36,273.11,-16.32,0.1,0.22,"nan","nan","nan",-1.41,0.59,7.56,0.77,-7.4,2.11,13,550,0.13,9.1,2,8.33,1,"nan","nan","nan","nan","nan"
169,0,"NGC 2467","nan",118.06,-26.44,243.15,0.34,0.08,0.2,55.75,9.68,4.0,-3.93,0.83,1.68,0.4,-3.46,-2.52,9,1355,0.34,11.71,3,8.05,3,66.0,11.0,1.0,7.1,3.0
170,0,"NGC 2479","nan",118.77,-17.71,235.98,5.37,0.07,0.15,"nan","nan","nan",-0.94,1.0,1.93,1.32,-2.14,0.18,6,1200,0.1,10.71,2,8.99,3,"nan","nan","nan","nan","nan"
171,0,"NGC 2482","nan",118.8,-24.26,241.62,2.03,0.08,0.22,"nan","nan","nan",-5.66,0.37,0.75,0.47,-3.57,-4.46,20,1343,0.09,10.92,3,8.48,4,"nan","nan","nan",8.6,3.0
172,0,"NGC 2483","nan",118.9,-27.9,244.79,0.23,0.07,0.14,"nan","nan","nan",-2.24,1.31,1.55,0.8,-2.49,-1.11,5,1659,0.3,12.03,3,7.49,1,"nan","nan","nan",7.09,3.0
173,1,"Trumpler 9","nan",118.92,-25.88,243.07,1.29,0.06,0.1,"nan","nan","nan",-1.85,0.75,0.89,1.31,-1.72,-1.12,4,2289,0.19,12.39,3,7.99,1,"nan","nan","nan",8.0,3.0
174,0,"NGC 2489","nan",119.07,-30.06,246.71,-0.77,0.06,0.11,"nan","nan","nan",-4.05,2.09,-0.97,0.81,-1.27,-3.97,3,3700,0.37,13.99,3,7.25,-1,"nan","nan","nan",7.26,3.0
175,0,"NGC 2516","nan",119.52,-60.75,273.81,-15.85,0.2,0.7,18.53,1.61,17.0,-4.13,0.41,10.15,0.22,-10.91,1.04,53,346,0.07,7.91,5,8.08,3,22.7,0.4,1.0,8.1,3.0
176,0,"Ruprecht 44","nan",119.71,-28.58,245.74,0.48,0.07,0.14,"nan","nan","nan",-5.4,1.04,0.17,0.84,-2.97,-4.51,9,4655,0.62,15.26,3,7.33,3,"nan","nan","nan",6.94,3.0
177,0,"Ruprecht 43","nan",119.82,-28.9,246.06,0.39,0.08,0.15,"nan","nan","nan",-3.57,0.46,-0.08,0.62,-1.8,-3.08,9,1300,0.27,11.41,2,8.47,2,"nan","nan","nan","nan","nan"
178,1,"NGC 2506","nan",120.0,-10.77,230.56,9.93,0.08,0.2,"nan","nan","nan",-5.87,0.76,1.79,0.68,-4.51,-4.17,9,3460,0.08,12.94,3,9.05,-3,94.0,10.0,1.0,9.05,3.0
179,0,"Ruprecht 47","nan",120.58,-31.07,248.25,-0.19,0.08,0.15,59.7,"nan",1.0,-0.74,1.06,-0.04,0.76,-0.36,-0.65,7,3006,0.25,13.16,4,8.07,1,"nan","nan","nan",7.89,4.0
180,0,"NGC 2527","nan",121.24,-28.15,246.09,1.85,0.12,0.5,135.1,"nan",1.0,-5.36,0.32,6.61,0.29,-8.45,-1.0,47,601,0.04,9.02,3,8.85,12,"nan","nan","nan",8.65,3.0
181,0,"ESO 430-18","nan",121.71,-30.84,248.57,0.75,0.08,0.2,"nan","nan","nan",-7.91,0.81,-0.81,0.52,-3.58,-7.1,12,830,0.0,9.6,2,9.05,3,"nan","nan","nan","nan","nan"
182,0,"Vel OB2","nan",122.38,-47.9,263.28,-7.99,0.5,1.2,15.45,3.2,6.0,-6.1,0.22,8.85,0.22,-10.74,-0.46,68,411,0.03,8.16,7,7.26,1,"nan","nan","nan","nan","nan"
183,0,"NGC 2547","nan",122.53,-49.22,264.46,-8.6,0.13,0.3,14.78,1.94,9.0,-8.95,0.27,4.08,0.36,-8.21,-5.42,15,457,0.04,8.42,3,7.7,1,14.4,1.2,1.0,7.56,3.0
184,0,"NGC 2539","nan",122.67,-12.84,233.73,11.11,0.15,0.5,26.12,1.7,10.0,-3.37,0.23,-1.87,0.26,-0.16,-3.85,54,1363,0.08,10.92,3,8.75,9,29.3,0.4,1.0,8.57,3.0
185,0,"Ruprecht 53","nan",122.7,-27.0,245.81,3.56,0.08,0.18,"nan","nan","nan",-1.11,0.84,0.32,0.55,-0.87,-0.76,11,1700,0.11,11.49,2,8.59,3,"nan","nan","nan","nan","nan"
186,0,"NGC 2546","nan",122.98,-37.61,254.83,-2.05,0.25,0.61,36.0,"nan",1.0,-5.21,0.19,4.57,0.22,-6.68,-1.85,68,919,0.13,10.22,3,7.92,9,16.0,2.0,1.0,7.87,3.0
187,0,"Ruprecht 55","nan",123.12,-32.58,250.69,0.81,0.07,0.2,95.33,2.57,3.0,-5.06,0.72,1.32,0.57,-3.89,-3.5,11,4892,0.56,15.18,3,6.97,1,96.2,3.0,1.0,6.85,3.0
188,1,"Ruprecht 56","nan",123.13,-40.47,257.29,-3.52,0.11,0.36,"nan","nan","nan",-9.71,0.54,5.75,0.76,-10.13,-4.97,5,410,0.12,8.44,2,8.7,1,"nan","nan","nan","nan","nan"
189,0,"NGC 2548","nan",123.43,-5.75,227.87,15.39,0.25,0.73,"nan","nan","nan",-0.78,0.16,1.55,0.14,-1.73,0.11,87,769,0.03,9.52,3,8.75,37,5.0,6.0,1.0,8.56,3.0
190,0,"VDBH 23, vdBergh-Hagen 23","nan",123.52,-36.36,254.02,-1.0,0.11,0.32,17.4,0.6,2.0,-7.47,0.28,7.12,0.35,-10.06,-2.28,14,437,0.05,8.36,1,7.14,1,24.0,8.0,1.0,7.1,1.0
191,0,"Haffner 26","nan",123.91,-30.83,249.6,2.34,0.1,0.1,"nan","nan","nan",-4.54,1.0,4.31,0.93,-6.11,-1.38,3,1000,0.08,10.25,2,7.47,1,"nan","nan","nan","nan","nan"
192,0,"NGC 2567","nan",124.63,-30.64,249.79,2.96,0.07,0.17,"nan","nan","nan",-1.52,0.65,2.97,0.48,-3.31,0.41,16,1677,0.13,11.53,3,8.64,5,"nan","nan","nan",8.47,3.0
193,0,"NGC 2571","nan",124.74,-29.75,249.1,3.53,0.1,0.3,"nan","nan","nan",-2.92,0.59,4.75,0.56,-5.57,0.25,14,1339,0.14,11.07,3,7.22,-1,"nan","nan","nan",7.51,3.0
194,0,"Collinder 185","nan",125.83,-36.33,255.05,0.56,0.08,0.14,"nan","nan","nan",-6.53,0.49,2.83,0.45,-6.06,-3.73,7,1486,0.21,11.51,4,8.18,1,"nan","nan","nan",8.11,4.0
195,0,"VDBH 34, vdBergh-Hagen 34","nan",127.81,-44.5,262.57,-2.97,0.09,0.25,"nan","nan","nan",-7.81,0.49,4.02,0.71,-7.85,-3.94,5,950,0.03,9.98,2,8.48,2,24.0,5.0,1.0,"nan","nan"
196,0,"Pismis 4","nan",128.65,-44.48,262.91,-2.47,0.1,0.4,"nan","nan","nan",-5.55,0.44,5.75,0.29,-7.93,-1.02,16,593,0.01,8.9,3,8.11,2,"nan","nan","nan",7.53,3.0
197,0,"NGC 2627","nan",129.31,-29.95,251.58,6.65,0.08,0.13,"nan","nan","nan",-1.25,0.97,4.24,1.13,-4.15,1.53,6,2034,0.09,11.82,3,8.71,1,"nan","nan","nan",8.57,3.0
198,0,"Ruprecht 64","nan",129.33,-40.15,259.75,0.53,0.18,0.62,21.0,"nan",1.0,-6.14,0.28,5.97,0.28,-8.47,-1.28,40,800,0.06,9.7,2,8.45,6,"nan","nan","nan","nan","nan"
199,0,"Pismis 6","nan",129.76,-46.23,264.78,-2.91,0.08,0.15,16.76,4.0,3.0,-7.05,0.61,6.48,0.45,-9.43,-1.67,6,1668,0.38,12.29,3,7.58,1,20.8,3.0,1.0,7.28,3.0
200,0,"Ruprecht 65","nan",129.81,-44.05,263.07,-1.56,0.08,0.24,"nan","nan","nan",-7.37,0.57,4.16,0.55,-7.79,-3.32,10,500,0.07,8.71,2,8.57,1,"nan","nan","nan","nan","nan"
201,1,"NGC 2632","Praesepe, M 44",130.09,19.69,205.89,32.48,0.6,3.0,33.57,1.21,70.0,-35.9,0.13,-12.88,0.11,-0.35,-38.14,92,187,0.01,6.39,3,8.9,19,34.4,0.6,1.0,8.86,3.0
202,0,"IC 2391","nan",130.14,-53.03,270.36,-6.83,0.35,1.25,16.04,2.53,18.0,-24.19,0.49,23.48,0.41,-33.33,-5.08,24,176,0.01,6.26,3,7.88,2,16.4,3.0,1.0,7.66,3.0
203,0,"Ruprecht 67","nan",130.41,-43.37,262.79,-0.8,0.06,0.12,"nan","nan","nan",-9.95,0.88,2.23,0.94,-7.87,-6.48,6,1504,0.43,12.22,3,8.38,2,-15.4,0.8,1.0,8.26,3.0
204,1,"Mamajek 1","nan",130.53,-79.03,292.48,-21.65,0.13,0.4,15.05,1.05,2.0,-30.05,0.42,27.57,0.21,-39.3,-10.88,3,105,0.0,5.11,2,6.9,-3,16.1,0.5,1.0,6.9,1.0
205,0,"IC 2395","nan",130.62,-48.11,266.63,-3.59,0.1,0.35,25.0,17.0,2.0,-4.34,0.38,2.42,0.35,-4.58,-1.94,15,709,0.07,9.47,3,7.08,1,0.5,2.0,1.0,7.22,3.0
206,0,"NGC 2659","nan",130.65,-44.98,264.17,-1.65,0.07,0.12,"nan","nan","nan",-5.05,0.97,3.54,0.99,-5.9,-1.8,5,1713,0.51,12.75,3,7.23,-1,"nan","nan","nan",6.89,3.0
207,0,"Bochum 7","nan",131.2,-45.97,265.19,-1.96,0.09,0.19,"nan","nan","nan",-3.74,0.59,3.93,0.78,-5.4,-0.49,6,5754,0.86,16.47,4,7.08,1,"nan","nan","nan",7.0,4.0
208,0,"NGC 2670","nan",131.37,-48.8,267.48,-3.63,0.06,0.14,"nan","nan","nan",-11.97,1.03,4.86,0.71,-11.24,-6.36,5,1188,0.43,11.71,3,8.1,1,"nan","nan","nan",7.69,3.0
209,1,"NGC 2669","nan",131.61,-52.93,270.82,-6.07,0.08,0.25,"nan","nan","nan",-5.87,0.7,1.78,0.75,-5.04,-3.5,11,1046,0.18,10.66,3,7.97,2,"nan","nan","nan",7.93,3.0
210,0,"Trumpler 10","nan",131.92,-42.45,262.76,0.64,0.2,0.75,15.0,15.0,2.0,-11.9,0.26,6.05,0.25,-12.18,-5.46,33,417,0.03,8.19,3,7.38,1,25.0,3.5,1.0,7.54,3.0
211,0,"Ruprecht 71","nan",132.34,-46.85,266.37,-1.9,0.07,0.16,"nan","nan","nan",-2.48,0.48,5.58,0.52,-5.89,1.6,10,1300,0.05,10.73,2,8.78,4,"nan","nan","nan","nan","nan"
212,1,"NGC 2682","M 67",132.85,11.8,215.7,31.92,0.12,0.31,32.3,1.1,33.0,-8.31,0.26,-4.81,0.22,0.89,-9.56,27,908,0.06,9.98,3,9.41,-3,33.8,1.3,1.0,9.41,3.0
213,0,"VDBH 56, vdBergh-Hagen 56","nan",134.28,-43.25,264.48,1.46,0.09,0.3,-18.0,"nan",1.0,-4.88,0.44,6.08,0.38,-7.79,0.25,14,680,0.2,9.78,2,7.24,1,"nan","nan","nan","nan","nan"
214,0,"Collinder 205","Markarian 18",135.13,-48.99,269.21,-1.85,0.06,0.16,20.0,5.58,4.0,-3.65,0.76,6.63,0.6,-7.39,1.61,7,1500,0.77,13.27,4,7.03,1,8.5,2.0,1.0,7.0,4.0
215,0,"ESO 165-09","nan",136.3,-55.96,274.92,-5.93,0.1,0.15,"nan","nan","nan",-10.15,0.53,10.47,1.02,-14.57,-0.61,4,450,0.05,8.42,2,8.96,2,"nan","nan","nan","nan","nan"
216,1,"Platais 8","nan",136.95,-59.14,277.54,-7.79,0.6,3.0,17.32,3.09,5.0,-15.83,0.4,14.8,0.33,-21.59,-1.89,86,150,0.0,5.88,2,7.75,1,"nan","nan","nan",7.78,1.0
217,0,"ESO 166-04","nan",137.62,-53.89,273.9,-3.97,0.06,0.16,"nan","nan","nan",-7.14,0.69,7.91,0.77,-10.65,0.15,8,885,0.15,10.2,2,8.45,1,"nan","nan","nan","nan","nan"
218,1,"Platais 9","nan",138.54,-44.14,267.21,3.15,1.0,3.3,17.83,1.48,3.0,-24.53,0.32,12.01,0.27,-25.61,-9.48,32,200,0.0,6.51,2,8.09,2,"nan","nan","nan",8.0,1.0
219,1,"VDBH 66, vdBergh-Hagen 66","nan",141.33,-54.72,276.0,-3.01,0.08,0.13,"nan","nan","nan",-3.74,0.92,5.79,0.89,-6.72,1.54,6,7000,0.3,15.15,1,7.48,1,"nan","nan","nan",8.9,1.0
220,0,"IC 2488","nan",141.91,-57.0,277.83,-4.42,0.1,0.3,"nan","nan","nan",-7.03,0.41,5.82,0.28,-9.1,-0.68,24,1134,0.23,10.99,3,8.53,4,-2.63,0.1,1.0,8.11,3.0
221,0,"Ruprecht 78","nan",142.29,-53.7,275.7,-1.88,0.05,0.16,"nan","nan","nan",-9.23,0.36,5.51,0.71,-10.49,-2.35,7,1641,0.35,12.16,3,7.14,1,"nan","nan","nan",7.99,3.0
222,0,"NGC 2910","nan",142.62,-52.92,275.31,-1.18,0.06,0.11,"nan","nan","nan",-8.96,0.42,4.62,0.4,-9.69,-2.76,9,2607,0.34,13.14,3,7.46,1,"nan","nan","nan",8.2,3.0
223,1,"Turner 5","nan",143.13,-36.47,264.23,11.05,0.6,1.65,"nan","nan","nan",0.0,0.33,-3.73,0.3,2.58,-2.69,42,400,0.1,8.32,2,8.49,4,"nan","nan","nan","nan","nan"
224,0,"NGC 2925","nan",143.29,-53.37,275.91,-1.23,0.09,0.3,"nan","nan","nan",-8.94,0.49,5.7,0.4,-10.44,-1.87,23,774,0.08,9.69,4,8.05,1,"nan","nan","nan",7.85,4.0
225,1,"Ruprecht 79","nan",145.24,-53.85,277.09,-0.82,0.08,0.2,34.89,10.31,3.0,-10.35,1.2,1.24,1.31,-8.61,-5.87,7,1979,0.74,13.78,3,7.84,1,21.4,1.2,1.0,7.09,3.0
226,0,"Ruprecht 80","nan",145.51,-44.02,270.75,6.71,0.06,0.13,"nan","nan","nan",-13.73,0.79,6.64,0.54,-14.7,-4.06,6,2500,0.3,12.92,2,8.33,1,"nan","nan","nan","nan","nan"
227,1,"Ruprecht 82","nan",146.44,-54.0,277.73,-0.47,0.06,0.1,"nan","nan","nan",-8.65,1.17,3.6,1.18,-8.93,-2.83,5,2455,0.29,12.85,4,8.5,-3,"nan","nan","nan",8.5,4.0
228,0,"NGC 3033","nan",147.15,-56.42,279.59,-2.07,0.06,0.14,"nan","nan","nan",-3.55,1.21,4.13,1.04,-5.37,0.92,6,922,0.33,10.85,3,8.62,2,"nan","nan","nan",7.84,3.0
229,0,"Ruprecht 84","nan",147.28,-65.25,285.32,-8.82,0.06,0.12,"nan","nan","nan",-8.76,1.0,0.88,0.95,-7.27,-4.96,7,1800,0.1,11.59,2,8.56,3,"nan","nan","nan","nan","nan"
230,0,"NGC 3036","nan",147.31,-62.67,283.66,-6.83,0.07,0.12,"nan","nan","nan",-7.43,0.92,-1.25,1.05,-4.91,-5.72,8,1200,0.4,11.64,2,8.61,3,"nan","nan","nan","nan","nan"
231,1,"Pismis 16","nan",147.81,-53.17,277.82,0.68,0.05,0.1,21.0,9.0,2.0,-6.28,0.87,1.4,0.75,-5.76,-2.87,4,1824,0.61,13.2,3,7.72,1,11.0,4.4,1.0,7.84,3.0
232,0,"Collinder 213","nan",148.65,-50.92,276.82,2.76,0.08,0.15,"nan","nan","nan",-3.96,0.58,2.58,0.55,-4.71,-0.44,8,1400,0.07,10.95,2,8.84,4,"nan","nan","nan","nan","nan"
233,1,"Ruprecht 85","nan",150.39,-55.02,280.15,0.16,0.06,0.1,"nan","nan","nan",-3.68,0.65,4.78,0.77,-5.81,1.61,7,1400,0.21,11.38,2,8.7,2,"nan","nan","nan","nan","nan"
234,1,"NGC 3114","nan",150.49,-60.1,283.25,-3.87,0.11,0.45,-1.42,0.91,4.0,-7.43,0.19,4.05,0.22,-8.37,-1.23,79,911,0.08,10.05,3,8.24,13,-3.52,0.25,1.0,8.08,3.0
235,1,"Loden 28","nan",150.79,-58.15,282.21,-2.21,0.09,0.2,"nan","nan","nan",-8.06,0.56,4.14,0.3,-8.94,-1.49,7,3950,0.62,14.9,2,7.3,-3,"nan","nan","nan","nan","nan"
236,0,"Loden 1","nan",151.26,-55.8,281.02,-0.17,0.07,0.18,"nan","nan","nan",-10.37,1.16,4.18,1.23,-10.84,-2.76,9,360,0.1,8.09,2,9.29,2,"nan","nan","nan","nan","nan"
237,0,"Trumpler 12","nan",151.62,-60.3,283.82,-3.7,0.07,0.11,"nan","nan","nan",-9.08,0.65,2.23,0.84,-8.66,-3.54,9,1300,0.05,10.73,2,8.81,3,"nan","nan","nan","nan","nan"
238,0,"Hogg 6","nan",151.65,-60.5,283.95,-3.85,0.05,0.09,"nan","nan","nan",-8.19,0.91,0.85,1.24,-7.13,-4.13,5,1600,0.05,11.18,2,8.61,1,"nan","nan","nan","nan","nan"
239,0,"Ruprecht 161","nan",152.19,-61.29,284.63,-4.34,0.12,0.3,"nan","nan","nan",-8.2,0.69,3.04,0.63,-8.44,-2.3,15,940,0.09,10.15,2,8.39,6,"nan","nan","nan","nan","nan"
240,0,"VDBH 91, vdBergh-Hagen 91","nan",154.32,-58.7,284.03,-1.6,0.09,0.15,"nan","nan","nan",-6.25,0.53,4.22,0.96,-7.54,0.04,6,740,0.08,9.59,2,8.21,1,"nan","nan","nan","nan","nan"
241,1,"NGC 3228","nan",155.34,-51.73,280.69,4.54,0.08,0.18,"nan","nan","nan",-13.81,0.31,0.01,0.48,-11.59,-7.5,7,499,0.03,8.58,4,8.43,1,"nan","nan","nan",8.11,4.0
242,0,"Loden 46","nan",155.79,-54.84,282.6,2.07,0.11,0.32,"nan","nan","nan",-14.11,0.62,2.98,0.49,-13.5,-5.06,18,540,0.14,9.1,2,9.03,3,"nan","nan","nan","nan","nan"
243,1,"IC 2581","nan",156.87,-57.63,284.59,0.02,0.09,0.18,-4.64,3.51,5.0,-6.77,0.64,3.7,0.84,-7.71,-0.39,7,2446,0.45,13.34,3,7.22,1,-6.0,7.0,1.0,7.14,3.0
244,0,"Ruprecht 89","nan",157.11,-58.14,284.97,-0.34,0.05,0.1,"nan","nan","nan",-6.82,1.28,4.36,1.11,-8.09,0.18,5,750,0.04,9.5,2,8.98,2,"nan","nan","nan","nan","nan"
245,0,"Loden 143","nan",157.11,-58.78,285.3,-0.89,0.1,0.35,-0.4,9.79,2.0,-11.71,0.45,1.86,0.43,-10.97,-4.5,18,600,0.1,9.2,2,8.45,1,"nan","nan","nan","nan","nan"
246,0,"Loden 89","nan",157.3,-56.78,284.35,0.87,0.07,0.3,"nan","nan","nan",-8.1,0.71,3.77,0.68,-8.88,-0.97,16,380,0.05,8.05,2,8.47,1,"nan","nan","nan","nan","nan"
247,0,"Loden 59","nan",157.57,-54.06,283.08,3.28,0.08,0.16,"nan","nan","nan",-9.54,0.64,1.28,1.14,-8.84,-3.82,6,650,0.02,9.13,2,8.45,2,"nan","nan","nan","nan","nan"
248,1,"Collinder 223","nan",157.59,-59.82,286.05,-1.65,0.06,0.15,4.7,"nan",1.0,-7.17,0.88,1.08,0.65,-6.7,-2.76,6,1686,0.18,11.69,3,8.41,2,2.0,1.0,1.0,7.78,3.0
249,1,"Ruprecht 90","nan",157.95,-58.24,285.4,-0.2,0.07,0.18,-40.0,"nan",1.0,-6.8,0.61,3.47,0.51,-7.62,-0.48,12,6000,0.32,14.88,2,7.1,2,"nan","nan","nan","nan","nan"
250,0,"Loden 112","nan",158.1,-56.7,284.68,1.17,0.08,0.14,"nan","nan","nan",-8.05,1.08,5.98,1.1,-9.97,1.07,4,2500,0.6,13.85,2,6.96,2,"nan","nan","nan","nan","nan"
251,1,"Loden 153","nan",158.67,-58.13,285.67,0.09,0.06,0.1,-10.33,2.4,3.0,-5.85,0.68,4.13,0.75,-7.13,0.65,5,2670,0.28,13.0,2,6.74,-1,"nan","nan","nan","nan","nan"
252,0,"Bochum 9","nan",158.94,-60.12,286.78,-1.57,0.08,0.16,"nan","nan","nan",-10.46,0.47,1.34,0.58,-9.74,-4.03,16,710,0.11,9.6,2,8.38,1,"nan","nan","nan","nan","nan"
253,1,"NGC 3293","nan",158.95,-58.23,285.85,0.07,0.08,0.08,-12.29,2.26,14.0,-7.64,0.54,3.08,0.62,-8.16,-1.12,9,2471,0.25,12.74,3,6.94,3,-8.0,6.6,1.0,6.97,3.0
254,0,"NGC 3324","nan",159.33,-58.64,286.22,-0.19,0.07,0.16,-8.5,"nan",1.0,-7.81,0.63,3.77,0.65,-8.65,-0.56,5,2301,0.46,13.24,3,6.72,-1,-12.0,"nan",4.0,6.78,3.0
255,0,"VDBH 99, vdBergh-Hagen 99","nan",159.46,-59.13,286.52,-0.58,0.13,0.32,6.0,3.49,4.0,-14.1,0.76,0.55,1.26,-12.56,-6.43,20,531,0.06,8.81,3,7.86,4,13.0,2.0,1.0,7.6,3.0
256,0,"NGC 3330","Harvard 4",159.7,-54.12,284.19,3.86,0.05,0.19,"nan","nan","nan",-6.02,0.43,1.86,0.55,-6.16,-1.31,12,894,0.05,9.91,3,8.3,1,"nan","nan","nan",8.23,3.0
257,0,"ESO 062-11","nan",159.73,-69.03,291.5,-9.15,0.06,0.12,"nan","nan","nan",-13.48,1.49,3.63,1.12,-13.52,-3.48,3,910,0.42,11.1,2,8.53,1,"nan","nan","nan","nan","nan"
258,0,"Melotte 101","nan",160.54,-65.1,289.86,-5.56,0.09,0.2,"nan","nan","nan",-6.09,0.48,2.45,0.64,-6.52,-0.76,14,1995,0.46,12.93,4,8.35,2,"nan","nan","nan",7.89,4.0
259,1,"IC 2602","theta Car",160.59,-64.4,289.54,-4.94,0.5,2.5,19.01,2.93,12.0,-17.16,0.37,11.11,0.29,-20.38,1.58,105,160,0.03,6.11,3,7.83,2,19.1,"nan",1.0,7.51,3.0
260,0,"Bochum 10","nan",160.6,-59.13,287.04,-0.3,0.1,0.2,-2.29,"nan",1.0,-6.61,0.63,2.56,0.6,-7.03,-0.89,14,2027,0.3,12.46,3,6.93,1,"nan","nan","nan",6.86,3.0
261,0,"Alessi 5","nan",160.78,-61.17,288.08,-2.05,0.1,0.3,12.8,8.8,2.0,-14.56,0.46,3.77,0.55,-14.61,-3.57,19,398,0.15,8.46,1,7.71,2,"nan","nan","nan",7.6,1.0
262,1,"Collinder 228","nan",160.95,-60.09,287.64,-1.06,0.09,0.35,-13.46,3.27,24.0,-6.66,0.39,1.93,0.48,-6.78,-1.43,21,1909,0.26,12.21,3,6.68,-1,-24.2,2.5,1.0,6.86,3.0
263,1,"Trumpler 14","nan",160.98,-59.55,287.4,-0.58,0.07,0.1,-15.0,"nan",1.0,-3.91,0.54,3.65,0.65,-5.17,1.38,5,2753,0.45,13.59,3,6.67,-1,-14.0,"nan",4.0,6.84,3.0
264,1,"Trumpler 15","nan",161.17,-59.37,287.41,-0.37,0.08,0.08,"nan","nan","nan",-2.08,0.93,3.53,0.7,-3.49,2.15,6,2117,0.45,13.02,3,7.08,1,-11.6,5.8,1.0,6.91,3.0
265,1,"Trumpler 16","eta Car",161.29,-59.72,287.62,-0.65,0.06,0.12,-25.0,"nan",1.0,-11.1,0.39,4.02,0.45,-11.69,-1.62,4,2842,0.52,13.88,3,6.9,1,-20.0,5.0,1.0,6.78,3.0
266,0,"Ruprecht 91","nan",161.91,-57.47,286.87,1.49,0.09,0.15,7.3,"nan",1.0,-11.1,0.48,3.11,0.91,-11.29,-2.32,8,900,0.01,9.8,2,8.63,2,"nan","nan","nan","nan","nan"
267,0,"Loden 189","nan",162.58,-56.42,286.72,2.59,0.1,0.28,"nan","nan","nan",-5.73,0.74,2.91,0.84,-6.43,0.03,14,720,0.13,9.69,2,8.64,2,"nan","nan","nan","nan","nan"
268,0,"Ruprecht 92","nan",163.29,-61.71,289.39,-1.98,0.07,0.18,"nan","nan","nan",-2.05,0.74,0.5,0.69,-2.06,-0.45,14,2362,0.46,13.29,3,7.53,1,"nan","nan","nan",7.8,3.0
269,0,"ESO 128-16","nan",163.42,-58.24,287.93,1.16,0.06,0.16,"nan","nan","nan",-2.57,0.63,6.1,0.52,-4.98,4.36,15,900,0.03,9.86,2,8.92,5,"nan","nan","nan","nan","nan"
270,0,"Trumpler 17","nan",164.1,-59.2,288.66,0.45,0.06,0.11,"nan","nan","nan",-2.2,0.72,5.7,0.56,-4.43,4.21,5,2189,0.6,13.56,3,7.51,1,"nan","nan","nan",7.71,3.0
271,0,"Collinder 236","nan",164.32,-61.11,289.58,-1.23,0.08,0.2,"nan","nan","nan",-3.57,0.5,3.02,0.51,-4.52,1.21,17,800,0.07,9.73,2,8.37,1,"nan","nan","nan","nan","nan"
272,0,"Bochum 12","nan",164.35,-61.72,289.85,-1.78,0.06,0.12,-3.79,"nan",1.0,-3.08,0.51,-2.32,0.58,-1.8,-3.41,6,2218,0.24,12.47,4,7.68,2,"nan","nan","nan",7.61,4.0
273,0,"NGC 3496","nan",164.89,-60.39,289.53,-0.46,0.07,0.15,-51.4,"nan",1.0,-7.3,0.6,2.08,0.56,-7.5,-1.16,10,990,0.47,11.44,3,8.62,2,"nan","nan","nan",8.47,3.0
274,0,"Pismis 17","nan",165.27,-59.87,289.48,0.09,0.08,0.17,61.7,"nan",1.0,-6.27,0.43,3.12,0.62,-7.0,0.26,13,3504,0.47,14.18,3,7.32,2,"nan","nan","nan",7.02,3.0
275,0,"Ruprecht 93","nan",166.09,-61.37,290.46,-1.11,0.06,0.13,"nan","nan","nan",-3.89,0.85,0.39,0.9,-3.72,-1.2,19,1437,0.23,11.5,3,8.64,8,"nan","nan","nan",8.19,3.0
276,0,"NGC 3532","nan",166.5,-58.73,289.6,1.39,0.2,0.6,-3.04,3.81,5.0,-10.54,0.23,4.57,0.17,-11.49,0.03,110,497,0.04,8.61,3,8.45,16,3.4,0.3,1.0,8.49,3.0
277,0,"Loden 306","nan",166.5,-61.13,290.55,-0.82,0.08,0.2,-33.0,"nan",1.0,-6.95,0.67,0.34,0.55,-6.52,-2.44,14,2000,0.24,12.25,2,6.76,-1,"nan","nan","nan","nan","nan"
278,1,"Feinstein 1","nan",166.75,-59.82,290.15,0.44,0.1,0.4,-13.43,8.91,3.0,-6.57,0.38,2.26,0.41,-6.93,-0.49,32,1159,0.42,11.62,4,6.97,1,1.0,"nan",4.0,7.0,4.0
279,1,"VDBH 111, vdBergh-Hagen 111","nan",167.31,-63.83,291.95,-3.16,0.11,0.11,"nan","nan","nan",-9.64,1.27,0.95,1.1,-9.26,-2.83,5,2700,0.25,12.93,2,8.35,-3,"nan","nan","nan","nan","nan"
280,1,"Loden 309","nan",167.41,-60.58,290.74,-0.14,0.05,0.09,"nan","nan","nan",-11.1,0.81,1.85,1.07,-10.96,-2.54,6,600,0.25,9.67,2,8.63,2,"nan","nan","nan","nan","nan"
281,1,"NGC 3572","nan",167.61,-60.25,290.71,0.21,0.05,0.11,-9.5,5.5,2.0,-10.55,1.2,1.25,0.7,-10.23,-2.85,5,2004,0.34,12.56,3,6.88,-1,-4.1,1.7,1.0,6.9,3.0
282,0,"Basel 17","nan",167.62,-59.03,290.25,1.34,0.06,0.13,"nan","nan","nan",-5.48,0.89,-0.18,0.84,-5.0,-2.25,7,1637,0.16,11.57,4,7.88,2,"nan","nan","nan",8.15,4.0
283,0,"Trumpler 18","nan",167.88,-60.67,290.99,-0.13,0.06,0.16,-20.0,"nan",1.0,-9.13,0.54,0.52,0.52,-8.66,-2.95,17,1358,0.31,11.62,3,7.77,6,-20.0,"nan",1.0,7.19,3.0
284,0,"NGC 3590","nan",168.25,-60.78,291.2,-0.17,0.06,0.17,-7.33,6.44,3.0,-6.51,0.64,1.48,0.4,-6.59,-1.04,17,1651,0.45,12.48,3,7.55,2,"nan","nan","nan",7.23,3.0
285,0,"Stock 13","nan",168.27,-58.88,290.5,1.6,0.06,0.23,1.0,"nan",1.0,-9.8,0.58,2.91,0.43,-10.18,-0.93,17,1577,0.22,11.67,3,7.37,1,"nan","nan","nan",7.22,3.0
286,0,"IC 2714","nan",169.36,-62.73,292.4,-1.79,0.08,0.17,"nan","nan","nan",-7.38,0.87,0.45,0.69,-7.06,-2.2,19,1238,0.34,11.52,3,8.41,6,-14.1,"nan",1.0,8.54,3.0
287,0,"NGC 3680","nan",171.4,-43.24,286.75,16.92,0.07,0.21,"nan","nan","nan",-5.38,0.44,1.54,0.45,-5.58,-0.38,13,934,0.07,10.07,3,9.09,3,0.9,"nan",1.0,9.12,3.0
288,0,"Ruprecht 94","nan",172.68,-63.45,294.05,-1.98,0.1,0.25,2.0,"nan",1.0,-4.87,0.53,-0.15,0.51,-4.59,-1.64,24,3400,0.3,13.59,2,7.19,3,"nan","nan","nan","nan","nan"
289,1,"Ruprecht 164","nan",172.71,-60.73,293.23,0.62,0.07,0.12,"nan","nan","nan",-2.05,1.16,6.05,0.91,-3.81,5.13,8,780,0.11,9.8,2,9.0,-3,"nan","nan","nan","nan","nan"
290,0,"Loden 372","nan",172.72,-58.48,292.55,2.76,0.06,0.1,"nan","nan","nan",-10.55,0.82,-0.81,1.07,-9.79,-4.01,5,1200,0.4,11.64,2,8.55,2,"nan","nan","nan","nan","nan"
291,1,"Loden 402","nan",173.17,-60.72,293.44,0.7,0.1,0.15,"nan","nan","nan",-6.9,0.93,-0.53,0.69,-6.42,-2.57,10,2450,0.18,12.5,2,8.2,-3,"nan","nan","nan","nan","nan"
292,1,"IC 2944","nan",174.03,-62.95,294.49,-1.32,0.1,0.24,"nan","nan","nan",-6.2,0.87,-1.17,0.87,-5.6,-2.9,16,1794,0.32,12.26,3,6.9,-1,-4.8,5.1,1.0,6.82,3.0
293,0,"NGC 3766","nan",174.06,-61.61,294.11,-0.03,0.08,0.23,-14.8,1.72,4.0,-6.72,0.48,1.35,0.52,-6.82,-0.63,22,1745,0.18,11.77,3,7.52,10,-12.8,2.5,1.0,7.16,3.0
294,1,"VDBH 121, vdBergh-Hagen 121","nan",174.52,-63.33,294.81,-1.62,0.08,0.25,-3.76,2.49,21.0,-5.12,0.48,1.05,0.55,-5.21,-0.43,19,2735,0.29,13.08,2,6.64,-1,"nan","nan","nan","nan","nan"
295,1,"IC 2948","nan",174.84,-63.48,294.99,-1.72,0.08,0.08,0.0,2.79,5.0,-4.58,0.77,-0.35,0.38,-4.31,-1.6,5,2600,0.3,13.01,2,6.75,1,"nan","nan","nan","nan","nan"
296,0,"Stock 14","nan",175.95,-62.52,295.21,-0.66,0.06,0.12,-8.83,3.41,3.0,-5.49,0.7,1.2,0.67,-5.61,-0.26,7,2146,0.22,12.34,3,7.0,1,-4.0,2.0,1.0,7.06,3.0
297,1,"Ruprecht 96","nan",177.66,-62.14,295.89,-0.1,0.07,0.12,"nan","nan","nan",-5.74,1.33,-0.03,1.56,-5.57,-1.37,6,860,0.25,10.45,2,9.0,-3,"nan","nan","nan","nan","nan"
298,0,"Loden 481","nan",177.99,-61.28,295.84,0.77,0.09,0.28,-22.05,14.95,2.0,-3.87,0.44,1.67,0.33,-4.15,0.74,34,1520,0.24,11.65,2,8.19,2,"nan","nan","nan","nan","nan"
299,0,"Loden 480","nan",178.99,-58.4,295.7,3.69,0.08,0.15,"nan","nan","nan",-10.56,0.83,2.94,1.24,-10.94,0.61,10,1200,0.3,11.33,2,8.71,5,"nan","nan","nan","nan","nan"
300,0,"Ruprecht 98","nan",179.67,-64.58,297.3,-2.28,0.1,0.35,"nan","nan","nan",-5.08,0.76,-9.55,0.65,-3.03,-10.38,27,610,0.16,9.42,3,8.78,12,"nan","nan","nan",8.51,3.0
301,0,"NGC 4052","nan",180.3,-63.22,297.3,-0.9,0.07,0.15,"nan","nan","nan",-6.63,1.03,-1.17,1.26,-6.28,-2.43,6,1209,0.16,10.91,3,8.4,-1,"nan","nan","nan",8.5,3.0
302,0,"Ruprecht 99","nan",180.82,-63.88,297.66,-1.5,0.06,0.13,"nan","nan","nan",-7.9,1.13,-2.96,0.82,-7.21,-4.38,11,660,0.05,9.25,2,9.29,1,"nan","nan","nan","nan","nan"
303,1,"NGC 4103","nan",181.66,-61.25,297.57,1.16,0.08,0.23,-12.0,"nan",1.0,-5.04,0.45,-0.95,0.35,-4.8,-1.81,33,1664,0.28,11.97,3,7.59,5,"nan","nan","nan",7.45,3.0
304,0,"ESO 130-06","nan",181.93,-59.3,297.37,3.1,0.07,0.19,"nan","nan","nan",-10.8,0.76,-0.76,0.56,-10.52,-2.57,12,2200,0.12,12.08,2,8.33,1,"nan","nan","nan","nan","nan"
305,0,"Loden 565","nan",182.02,-60.72,297.65,1.71,0.08,0.2,10.1,"nan",1.0,-3.14,0.71,-0.96,0.83,-2.93,-1.47,6,650,0.2,9.69,2,8.05,1,"nan","nan","nan","nan","nan"
306,0,"ESO 130-08","nan",182.58,-59.52,297.73,2.94,0.08,0.2,"nan","nan","nan",-4.37,0.62,-1.18,0.79,-4.13,-1.86,19,800,0.0,9.52,2,9.02,12,"nan","nan","nan","nan","nan"
307,0,"Loden 615","nan",185.16,-64.78,299.65,-2.1,0.08,0.16,"nan","nan","nan",-6.97,0.63,-2.24,0.83,-6.65,-3.06,10,1000,0.05,10.15,2,8.63,3,"nan","nan","nan","nan","nan"
308,1,"Melotte 111","Coma Ber",185.62,25.85,222.43,83.4,1.5,4.0,-1.17,0.99,43.0,-11.45,0.32,-8.98,0.24,6.23,-13.15,40,87,0.0,4.7,5,8.78,4,0.0,"nan",4.0,8.65,3.0
309,1,"NGC 4349","nan",186.06,-61.87,299.73,0.84,0.1,0.22,-15.69,"nan",1.0,-6.41,0.45,0.33,0.64,-6.41,-0.35,41,2176,0.38,12.87,3,8.32,-3,"nan","nan","nan",8.32,3.0
310,0,"Collinder 258","VDBH 133, vdBergh-Hagen 133",186.79,-60.77,299.97,1.97,0.07,0.18,"nan","nan","nan",-7.81,0.51,-0.73,0.52,-7.71,-1.46,14,1198,0.16,10.89,3,8.05,4,"nan","nan","nan",8.03,3.0
311,0,"NGC 4439","nan",187.11,-60.1,300.06,2.65,0.05,0.09,"nan","nan","nan",-10.8,1.18,-5.04,0.86,-10.31,-5.98,6,1785,0.35,12.34,3,7.71,1,"nan","nan","nan",7.91,3.0
312,0,"Hogg 23","nan",187.15,-60.91,300.16,1.84,0.06,0.1,"nan","nan","nan",-9.43,1.21,-1.12,1.32,-9.29,-1.95,4,1250,0.07,10.7,2,8.31,1,"nan","nan","nan","nan","nan"
313,1,"NGC 4463","nan",187.48,-64.79,300.64,-2.01,0.07,0.13,-24.52,6.37,5.0,-3.35,0.81,0.22,0.67,-3.36,-0.06,6,1050,0.52,11.72,3,7.97,2,-14.6,4.0,1.0,7.5,3.0
314,0,"Ruprecht 105","nan",188.56,-61.57,300.88,1.24,0.08,0.14,"nan","nan","nan",-7.62,1.04,-0.61,1.02,-7.56,-1.12,7,950,0.05,10.04,2,9.01,3,"nan","nan","nan","nan","nan"
315,0,"NGC 4609","nan",190.57,-62.99,301.89,-0.13,0.07,0.14,"nan","nan","nan",-8.92,0.55,-1.67,0.85,-8.85,-1.99,10,1223,0.33,11.46,3,7.78,1,"nan","nan","nan",7.89,3.0
316,0,"Loden 682","nan",191.82,-60.65,302.42,2.22,0.09,0.17,"nan","nan","nan",-4.31,0.74,-2.69,0.89,-4.27,-2.76,8,900,0.2,10.39,2,8.41,1,"nan","nan","nan","nan","nan"
317,0,"Loden 694","nan",193.26,-60.75,303.12,2.12,0.12,0.3,-23.0,"nan",1.0,-6.23,0.56,0.9,0.62,-6.22,0.94,16,1700,0.24,11.9,2,7.38,1,"nan","nan","nan","nan","nan"
318,0,"NGC 4755","kappa Cru",193.41,-60.36,303.2,2.51,0.1,0.23,-12.5,3.21,5.0,-4.3,0.28,-1.17,0.31,-4.31,-1.13,15,1976,0.38,12.66,3,6.98,1,-13.6,7.5,1.0,7.22,3.0
319,1,"NGC 4852","nan",195.03,-59.59,304.03,3.27,0.09,0.2,-5.0,"nan",1.0,-6.71,0.59,0.68,0.52,-6.68,0.91,21,1330,0.25,11.39,2,8.63,5,"nan","nan","nan","nan","nan"
320,1,"NGC 5045","nan",198.54,-63.39,305.47,-0.63,0.15,0.38,-16.76,7.22,3.0,-5.9,0.57,-2.05,0.65,-6.06,-1.52,21,1500,0.37,12.03,2,7.11,1,"nan","nan","nan","nan","nan"
321,0,"NGC 5043","nan",199.03,-60.07,306.01,2.66,0.08,0.17,"nan","nan","nan",-10.6,0.59,-0.86,0.87,-10.63,0.16,13,970,0.15,10.4,2,8.79,3,"nan","nan","nan","nan","nan"
322,1,"Stock 16","nan",199.69,-62.51,306.08,0.2,0.05,0.22,-41.8,8.79,5.0,-3.31,0.64,-0.03,0.68,-3.29,0.32,9,1640,0.48,12.56,3,6.78,-1,-45.0,20.0,1.0,6.92,3.0
323,0,"Collinder 269","nan",200.88,-66.18,306.16,-3.51,0.08,0.17,"nan","nan","nan",-7.95,0.79,-3.93,0.64,-8.38,-2.91,10,1300,0.27,11.41,2,8.52,1,"nan","nan","nan","nan","nan"
324,0,"Loden 821","nan",201.0,-59.79,307.02,2.83,0.08,0.2,-39.0,"nan",1.0,-6.13,0.68,0.57,0.78,-6.01,1.34,12,2800,0.5,13.79,2,7.29,2,"nan","nan","nan","nan","nan"
325,0,"Loden 807","nan",201.16,-62.5,306.75,0.13,0.08,0.18,"nan","nan","nan",-6.45,0.72,-0.93,0.74,-6.52,-0.09,10,925,0.2,10.45,2,8.3,1,-0.13,0.09,1.0,"nan","nan"
326,0,"NGC 5138","nan",201.81,-59.03,307.53,3.53,0.08,0.2,"nan","nan","nan",-3.95,0.45,0.7,0.57,-3.81,1.24,14,1986,0.26,12.3,3,7.55,1,"nan","nan","nan",7.99,3.0
327,0,"Basel 18","nan",202.02,-62.35,307.16,0.22,0.06,0.15,"nan","nan","nan",-5.31,1.04,-5.38,0.54,-6.02,-4.57,8,2226,0.51,13.32,3,7.92,2,"nan","nan","nan",7.59,3.0
328,0,"Hogg 16","nan",202.32,-61.2,307.47,1.34,0.05,0.09,-36.25,6.75,4.0,-4.68,1.2,-1.54,0.42,-4.85,-0.84,4,1585,0.41,12.27,3,7.26,-1,-35.8,0.4,1.0,7.05,3.0
329,0,"Collinder 272","nan",202.6,-61.32,307.59,1.2,0.08,0.15,"nan","nan","nan",-3.81,0.67,-2.39,0.38,-4.13,-1.79,11,2045,0.47,13.01,3,7.02,-1,-32.2,8.2,1.0,7.23,3.0
330,1,"NGC 5168","nan",202.77,-60.94,307.72,1.57,0.06,0.12,"nan","nan","nan",-1.29,1.14,-0.07,0.9,-1.29,0.13,6,1777,0.33,12.27,3,7.74,1,"nan","nan","nan",8.0,3.0
331,0,"Ruprecht 108","nan",203.05,-58.47,308.25,3.98,0.08,0.2,"nan","nan","nan",-10.28,0.93,-2.8,0.41,-10.59,-1.14,8,901,0.14,10.21,3,8.41,3,"nan","nan","nan",8.42,3.0
332,0,"Trumpler 21","nan",203.05,-62.8,307.57,-0.29,0.07,0.18,"nan","nan","nan",-10.41,0.8,-4.77,0.76,-11.03,-3.07,9,1312,0.18,11.15,3,7.76,2,"nan","nan","nan",7.74,3.0
333,0,"Loden 915","nan",203.52,-59.25,308.36,3.17,0.1,0.25,"nan","nan","nan",-8.36,0.76,1.0,0.54,-8.08,2.36,11,500,0.15,8.96,2,8.44,1,"nan","nan","nan","nan","nan"
334,0,"Platais 10","nan",205.42,-59.21,309.33,3.04,0.5,2.0,-8.0,"nan",1.0,-29.1,0.43,-10.73,0.37,-30.63,-4.89,22,246,0.08,7.2,1,8.2,2,"nan","nan","nan",8.0,1.0
335,0,"Loden 1010","nan",206.2,-60.25,309.51,1.94,0.09,0.25,"nan","nan","nan",-7.88,0.53,0.27,0.61,-7.66,1.88,15,700,0.2,9.85,2,8.69,6,"nan","nan","nan","nan","nan"
336,1,"NGC 5281","nan",206.64,-62.92,309.15,-0.71,0.06,0.15,"nan","nan","nan",-4.84,0.71,-2.72,0.5,-5.31,-1.63,17,1108,0.27,11.06,3,7.76,1,"nan","nan","nan",7.15,3.0
337,0,"Platais 12","nan",208.12,-63.37,309.71,-1.3,0.25,1.25,-11.99,9.51,2.0,-8.05,0.21,-4.62,0.19,-8.91,-2.61,178,435,0.1,8.5,2,8.23,4,"nan","nan","nan",8.3,1.0
338,0,"NGC 5316","nan",208.48,-61.87,310.22,0.12,0.1,0.28,"nan","nan","nan",-4.91,0.38,-1.1,0.37,-5.03,0.11,37,1215,0.27,11.26,3,8.19,6,"nan","nan","nan",8.2,3.0
339,0,"Loden 995","nan",208.57,-64.95,309.52,-2.88,0.1,0.22,"nan","nan","nan",-3.97,0.59,-0.91,0.75,-4.07,0.07,11,2400,0.3,12.83,2,8.34,2,"nan","nan","nan","nan","nan"
340,0,"Loden 1171","nan",209.85,-58.38,311.75,3.33,0.05,0.11,"nan","nan","nan",-13.46,0.3,-5.75,0.44,-14.49,-2.05,4,500,0.2,9.11,2,8.45,1,"nan","nan","nan","nan","nan"
341,0,"Lynga 1","nan",210.01,-62.15,310.85,-0.33,0.05,0.12,"nan","nan","nan",-7.04,1.03,-2.1,1.31,-7.34,-0.18,7,2283,0.46,13.22,3,8.15,3,"nan","nan","nan",8.01,3.0
342,1,"NGC 5359","nan",210.03,-70.39,308.67,-8.28,0.09,0.17,"nan","nan","nan",-5.75,0.62,-1.55,0.85,-5.96,0.03,6,2500,0.1,12.3,2,8.3,-3,"nan","nan","nan","nan","nan"
343,0,"Ruprecht 110","nan",211.36,-67.47,309.95,-5.61,0.1,0.23,"nan","nan","nan",-12.35,0.53,-4.21,0.66,-13.04,-0.53,10,1300,0.0,10.57,2,8.74,1,"nan","nan","nan","nan","nan"
344,0,"Loden 1194","nan",211.42,-59.72,312.17,1.82,0.08,0.18,999.9,"nan","nan",-10.07,0.93,-3.29,1.01,-10.59,-0.3,7,500,0.05,8.65,2,8.53,1,"nan","nan","nan","nan","nan"
345,0,"NGC 5460","nan",211.86,-48.34,315.74,12.64,0.2,0.38,-12.7,2.18,3.0,-5.7,0.27,-3.58,0.37,-6.51,-1.73,23,673,0.09,9.42,3,8.31,6,-12.7,3.2,1.0,8.21,3.0
346,0,"Loden 1225","nan",212.26,-59.72,312.58,1.69,0.08,0.16,"nan","nan","nan",-9.99,0.63,0.25,0.72,-9.47,3.19,13,1500,0.2,11.5,2,8.67,4,"nan","nan","nan","nan","nan"
347,0,"Ruprecht 167","nan",214.54,-58.97,313.91,2.04,0.1,0.21,"nan","nan","nan",-6.9,0.64,-3.88,0.56,-7.79,-1.39,14,2000,0.1,11.81,2,8.57,3,"nan","nan","nan","nan","nan"
348,0,"Loden 1256","nan",214.54,-61.43,313.11,-0.28,0.1,0.2,"nan","nan","nan",-4.29,0.53,-0.93,0.77,-4.36,0.53,12,1400,0.3,11.66,2,8.41,2,"nan","nan","nan","nan","nan"
349,1,"ESO 175-06","nan",214.68,-56.92,314.66,3.95,0.1,0.18,"nan","nan","nan",-8.65,0.62,-2.43,0.9,-8.97,0.57,5,550,0.2,9.32,2,8.6,-3,"nan","nan","nan","nan","nan"
350,0,"Lynga 2","nan",216.09,-61.33,313.84,-0.44,0.08,0.22,"nan","nan","nan",-5.45,0.64,-7.6,0.92,-7.77,-5.2,14,1000,0.2,10.62,3,8.42,4,"nan","nan","nan",8.12,3.0
351,0,"NGC 5593","nan",216.4,-54.8,316.3,5.61,0.07,0.18,"nan","nan","nan",-3.28,0.58,-2.08,0.6,-3.81,-0.77,11,850,0.0,9.65,2,8.77,5,"nan","nan","nan","nan","nan"
352,0,"NGC 5606","nan",216.94,-59.63,314.84,1.0,0.06,0.2,-38.33,1.75,4.0,-4.78,0.9,-3.26,0.74,-5.64,-1.3,11,1805,0.47,12.74,3,6.84,-1,-37.1,3.0,1.0,7.08,3.0
353,0,"NGC 5617","nan",217.44,-60.71,314.67,-0.1,0.07,0.18,"nan","nan","nan",-1.77,0.76,-3.65,0.75,-3.0,-2.74,19,1533,0.48,12.42,3,8.02,4,"nan","nan","nan",7.91,3.0
354,0,"Trumpler 22","nan",217.75,-61.17,314.64,-0.58,0.07,0.14,"nan","nan","nan",-5.05,0.89,-1.68,1.04,-5.31,0.33,7,1516,0.52,12.52,3,8.11,2,"nan","nan","nan",7.95,3.0
355,0,"NGC 5662","nan",218.91,-56.62,316.93,3.4,0.1,0.32,"nan","nan","nan",-5.97,0.43,-6.12,0.34,-7.89,-3.29,26,678,0.31,10.12,3,7.64,1,-23.2,1.0,1.0,7.96,3.0
356,0,"Alessi 6","nan",220.06,-66.12,313.64,-5.53,0.16,0.42,"nan","nan","nan",-6.2,0.53,-6.22,0.53,-8.2,-3.14,12,437,0.19,8.79,1,8.3,1,"nan","nan","nan",8.2,1.0
357,0,"VDBH 164, vdBergh-Hagen 164","nan",222.06,-66.34,314.28,-6.07,0.14,0.4,13.5,5.5,2.0,-7.36,0.5,-11.14,0.64,-11.48,-6.81,14,550,0.13,9.1,2,7.14,1,"nan","nan","nan","nan","nan"
358,0,"NGC 5749","nan",222.22,-54.5,319.53,4.55,0.06,0.13,"nan","nan","nan",0.22,0.7,-3.88,0.59,-1.5,-3.58,6,1031,0.37,11.21,3,7.41,-1,"nan","nan","nan",7.73,3.0
359,0,"Hogg 18","nan",222.67,-52.27,320.76,6.43,0.06,0.12,"nan","nan","nan",-1.11,0.96,-2.55,0.82,-2.13,-1.79,4,1535,0.51,12.51,3,7.58,2,"nan","nan","nan",7.76,3.0
360,0,"NGC 5822","nan",226.09,-54.4,321.57,3.59,0.18,0.53,-24.42,3.4,16.0,-7.46,0.19,-5.66,0.25,-9.27,-1.29,100,917,0.15,10.28,3,8.83,49,-29.0,0.75,1.0,8.82,3.0
361,1,"NGC 5823","nan",226.38,-55.6,321.12,2.47,0.06,0.13,"nan","nan","nan",-6.15,0.8,-3.53,1.62,-7.09,-0.05,5,1192,0.09,10.66,3,8.9,-3,-19.8,0.2,1.0,8.9,3.0
362,0,"Alessi 8","nan",232.39,-51.23,326.49,4.27,0.08,0.31,"nan","nan","nan",-6.05,0.4,-7.01,0.38,-8.96,-2.33,16,575,0.09,9.08,1,7.92,2,"nan","nan","nan",8.15,1.0
363,0,"Loden 2313","nan",235.2,-52.48,327.16,2.24,0.08,0.19,"nan","nan","nan",-3.77,1.05,-2.22,1.06,-4.35,0.49,7,1410,0.05,10.9,2,8.74,3,"nan","nan","nan","nan","nan"
364,0,"Collinder 292","nan",237.46,-57.62,325.04,-2.62,0.07,0.2,"nan","nan","nan",-1.6,0.65,-2.52,0.58,-2.82,-0.97,14,1500,0.1,11.19,2,8.73,6,"nan","nan","nan","nan","nan"
365,1,"Ruprecht 113","nan",239.37,-59.49,324.62,-4.69,0.18,0.45,"nan","nan","nan",-3.04,0.48,-2.1,0.72,-3.68,0.37,16,810,0.15,10.01,2,8.23,3,"nan","nan","nan","nan","nan"
366,0,"NGC 6025","nan",240.82,-60.43,324.55,-5.88,0.1,0.38,-3.4,"nan",1.0,-4.09,0.3,-2.5,0.38,-4.72,0.85,39,769,0.16,9.93,3,7.96,4,-3.4,5.0,1.0,7.89,3.0
367,0,"Nor OB5","nan",242.64,-49.04,332.98,1.86,0.3,1.0,-23.14,5.11,7.0,-2.27,0.25,-2.26,0.22,-3.2,-0.11,54,1800,0.86,13.94,6,7.11,2,"nan","nan","nan","nan","nan"
368,0,"Lynga 7","nan",242.68,-55.29,328.75,-2.74,0.07,0.15,"nan","nan","nan",-0.75,0.78,-3.68,0.65,-3.05,-2.19,6,750,0.27,10.21,3,7.11,1,"nan","nan","nan",7.93,3.0
369,1,"NGC 6067","nan",243.3,-54.22,329.74,-2.2,0.09,0.25,-36.23,4.11,11.0,-2.55,0.33,-2.39,0.38,-3.49,0.01,33,1417,0.4,12.0,3,8.01,6,-39.9,0.2,1.0,8.08,3.0
370,1,"Harvard 10","Collinder 299",244.69,-54.93,329.83,-3.27,0.18,0.55,"nan","nan","nan",-2.14,0.37,-11.15,0.34,-9.34,-6.45,39,1312,0.25,11.36,4,7.87,6,"nan","nan","nan",8.34,4.0
371,0,"NGC 6087","nan",244.71,-57.94,327.72,-5.42,0.14,0.48,-9.05,8.34,3.0,-1.44,0.4,-2.34,0.37,-2.67,-0.65,53,901,0.18,10.33,3,7.93,6,5.7,0.2,1.0,8.01,3.0
372,1,"Ruprecht 116","nan",245.83,-52.0,332.38,-1.68,0.06,0.1,"nan","nan","nan",-2.1,0.55,-4.86,0.77,-4.93,-1.93,9,900,0.1,10.08,2,8.95,-3,"nan","nan","nan","nan","nan"
373,0,"NGC 6124","nan",246.33,-40.65,340.74,6.03,0.17,0.55,"nan","nan","nan",-0.27,0.18,-2.67,0.2,-2.11,-1.66,55,470,0.68,10.47,4,8.34,10,"nan","nan","nan",8.3,4.0
374,1,"NGC 6134","nan",246.94,-49.15,334.92,-0.19,0.06,0.13,"nan","nan","nan",0.32,0.89,-5.88,0.48,-4.02,-4.31,7,913,0.38,10.98,3,8.53,1,-26.0,0.2,1.0,8.97,3.0
375,0,"Ruprecht 119","nan",247.06,-51.5,333.27,-1.88,0.07,0.12,"nan","nan","nan",-2.17,0.43,-0.35,0.38,-1.75,1.33,6,956,0.57,11.67,3,7.43,-1,"nan","nan","nan",6.85,3.0
376,1,"NGC 6152","nan",248.17,-52.64,332.91,-3.15,0.1,0.36,"nan","nan","nan",-2.06,0.28,-2.5,0.34,-3.23,-0.19,44,1030,0.2,10.68,4,8.65,10,"nan","nan","nan","nan","nan"
377,1,"NGC 6167","nan",248.64,-49.77,335.22,-1.42,0.07,0.17,-34.7,"nan",1.0,0.8,0.79,-4.4,0.5,-2.7,-3.57,8,1108,0.79,12.67,3,8.16,1,-34.7,1.0,1.0,7.89,3.0
378,0,"NGC 6178","nan",248.94,-45.64,338.4,1.22,0.07,0.16,3.54,2.15,2.0,1.17,0.97,-2.04,0.39,-0.72,-2.24,5,1014,0.22,10.71,3,7.51,1,4.5,3.0,1.0,7.25,3.0
379,0,"NGC 6192","nan",250.09,-43.37,340.64,2.13,0.07,0.17,"nan","nan","nan",1.8,0.83,-0.77,0.39,0.62,-1.86,7,1547,0.64,12.93,3,8.13,2,"nan","nan","nan",8.13,3.0
380,0,"NGC 6193","nan",250.33,-48.76,336.71,-1.57,0.08,0.25,-31.9,4.3,5.0,-0.73,0.46,-4.78,0.37,-4.07,-2.61,9,1155,0.47,11.77,3,6.9,-1,-24.3,10.1,1.0,6.78,3.0
381,0,"NGC 6200","nan",251.02,-47.46,337.99,-1.06,0.08,0.2,"nan","nan","nan",1.6,0.54,-4.72,0.58,-2.52,-4.3,8,2054,0.58,13.36,3,7.0,1,"nan","nan","nan",6.93,3.0
382,1,"NGC 6204","nan",251.53,-47.02,338.55,-1.03,0.05,0.08,"nan","nan","nan",0.04,0.75,-1.45,0.54,-1.08,-0.97,6,1085,0.43,11.51,3,8.28,2,-53.0,6.0,1.0,7.56,3.0
383,1,"Hogg 22","nan",251.65,-47.08,338.56,-1.14,0.04,0.08,-65.2,12.91,3.0,-0.84,0.42,-4.39,0.44,-3.89,-2.21,3,1297,0.65,12.58,3,6.7,-1,-37.0,"nan",1.0,6.78,3.0
384,1,"NGC 6208","nan",252.36,-53.73,333.75,-5.76,0.08,0.14,"nan","nan","nan",-0.91,0.83,-4.72,1.87,-4.22,-2.31,5,939,0.21,10.51,3,9.07,-3,"nan","nan","nan",9.07,3.0
385,0,"NGC 6231","nan",253.56,-41.83,343.46,1.18,0.1,0.22,-27.28,2.98,10.0,-0.39,0.52,-1.99,0.38,-1.79,-0.95,9,1250,0.44,11.85,3,6.81,2,-29.1,2.4,1.0,6.84,3.0
386,0,"ESO 332-08","nan",253.68,-40.71,344.39,1.81,0.08,0.13,"nan","nan","nan",0.05,0.3,-4.1,0.37,-3.16,-2.62,8,1200,0.2,11.02,2,8.17,3,"nan","nan","nan","nan","nan"
387,0,"NGC 6242","nan",253.89,-39.46,345.47,2.47,0.1,0.28,"nan","nan","nan",0.63,0.32,-0.26,0.3,0.19,-0.65,22,1131,0.38,11.44,3,7.63,2,"nan","nan","nan",7.61,3.0
388,0,"VDBH 205, vdBergh-Hagen 205","nan",254.04,-40.67,344.59,1.62,0.06,0.06,-7.0,"nan",2.0,-1.12,0.35,-1.22,0.21,-1.65,0.11,4,2160,0.3,12.6,2,7.12,1,"nan","nan","nan","nan","nan"
389,0,"NGC 6249","nan",254.41,-44.81,341.53,-1.18,0.07,0.2,"nan","nan","nan",1.85,0.42,-5.35,0.39,-3.04,-4.78,14,981,0.44,11.32,3,7.54,1,"nan","nan","nan",7.39,3.0
390,0,"NGC 6250","nan",254.49,-45.94,340.68,-1.92,0.1,0.4,"nan","nan","nan",1.8,0.45,-2.8,0.39,-1.08,-3.15,11,865,0.35,10.77,3,7.42,2,"nan","nan","nan",7.42,3.0
391,0,"NGC 6268","nan",255.54,-39.73,346.04,1.31,0.07,0.14,"nan","nan","nan",1.26,0.42,-0.71,0.51,0.21,-1.43,13,1029,0.39,11.27,3,8.24,2,"nan","nan","nan",7.24,3.0
392,0,"NGC 6281","nan",256.17,-37.99,347.72,1.98,0.1,0.45,-15.43,"nan",1.0,-2.96,0.23,-3.75,0.23,-4.78,0.08,52,494,0.15,8.93,3,8.51,8,"nan","nan","nan",8.5,3.0
393,0,"Sco OB4","nan",258.15,-33.37,352.39,3.44,0.4,1.7,2.29,4.16,16.0,0.46,0.15,-2.22,0.15,-1.53,-1.67,177,1100,0.2,10.83,6,6.82,1,"nan","nan","nan","nan","nan"
394,1,"Bochum 13","nan",259.35,-35.55,351.2,1.37,0.08,0.18,-2.5,1.5,2.0,-0.28,0.17,-1.2,0.39,-1.14,-0.46,5,1077,0.79,12.61,3,7.08,2,"nan","nan","nan",6.82,3.0
395,1,"NGC 6322","nan",259.6,-42.93,345.28,-3.05,0.06,0.12,-57.0,"nan",1.0,1.3,0.54,-1.8,0.54,-0.73,-2.1,6,995,0.53,11.63,3,7.16,1,"nan","nan","nan",7.06,3.0
396,0,"VDBH 221, vdBergh-Hagen 221","nan",259.66,-32.34,353.97,3.0,0.08,0.23,6.33,3.84,3.0,2.84,0.65,-3.1,0.77,-0.91,-4.1,10,750,0.2,9.99,2,8.01,1,"nan","nan","nan","nan","nan"
397,0,"IC 4651","nan",261.21,-49.93,340.09,-7.9,0.09,0.18,"nan","nan","nan",-0.81,0.37,-2.17,0.31,-2.26,-0.52,18,888,0.12,10.11,3,8.92,2,-30.76,0.2,1.0,9.06,3.0
398,0,"Trumpler 26","nan",262.14,-29.5,357.52,2.84,0.07,0.16,"nan","nan","nan",-2.41,0.52,-1.52,1.13,-2.6,1.17,5,2800,0.14,12.67,4,8.38,1,"nan","nan","nan","nan","nan"
399,0,"Antalova 1","nan",262.23,-31.57,355.84,1.64,0.08,0.22,33.0,"nan",1.0,-0.24,0.52,-3.75,0.7,-3.26,-1.87,6,850,0.25,10.42,2,8.5,4,"nan","nan","nan","nan","nan"
400,0,"Ruprecht 125","nan",262.41,-40.47,348.49,-3.4,0.09,0.17,"nan","nan","nan",-1.46,0.62,-3.56,0.62,-3.78,-0.74,9,1500,0.1,11.19,2,8.77,1,"nan","nan","nan","nan","nan"
401,1,"Collinder 333","nan",262.87,-34.02,354.09,-0.17,0.07,0.15,"nan","nan","nan",0.68,1.01,-4.88,1.17,-3.71,-3.24,4,855,0.11,10.0,2,8.9,-3,"nan","nan","nan","nan","nan"
402,0,"NGC 6383","nan",263.7,-32.57,355.68,0.05,0.08,0.25,3.75,3.25,2.0,1.66,0.4,-1.56,0.34,-0.41,-2.24,13,985,0.3,10.9,3,6.71,-1,5.9,1.5,1.0,6.96,3.0
403,0,"Trumpler 27","nan",264.09,-33.52,355.06,-0.74,0.09,0.25,-15.8,"nan",1.0,-1.48,0.53,-1.33,0.7,-1.92,0.53,10,1211,1.19,14.1,3,7.47,1,"nan","nan","nan",7.06,3.0
404,0,"Trumpler 28","nan",264.25,-32.48,356.01,-0.3,0.05,0.13,"nan","nan","nan",0.78,1.02,-2.12,0.62,-1.37,-1.8,6,1343,0.73,12.9,3,6.89,-1,7.0,"nan",1.0,7.29,3.0
405,0,"ESO 139-13","nan",264.42,-58.13,333.98,-13.8,0.04,0.08,"nan","nan","nan",-0.57,1.14,1.57,1.22,1.08,1.27,5,1500,0.2,11.5,2,8.78,2,"nan","nan","nan","nan","nan"
406,1,"Collinder 338","nan",264.52,-37.72,351.7,-3.29,0.1,0.26,"nan","nan","nan",2.89,0.55,-3.97,0.51,-1.82,-4.56,11,880,0.25,10.5,2,8.65,-3,"nan","nan","nan","nan","nan"
407,0,"NGC 6400","nan",265.05,-36.95,352.58,-3.24,0.07,0.21,"nan","nan","nan",-0.94,0.59,-2.92,0.39,-2.98,-0.75,12,950,0.11,10.23,2,8.78,2,"nan","nan","nan","nan","nan"
408,0,"NGC 6405","M 6",265.08,-32.2,356.62,-0.74,0.11,0.4,-11.5,3.5,2.0,-1.28,0.33,-5.72,0.35,-5.53,-1.95,26,487,0.14,8.87,3,7.91,3,-7.2,1.1,1.0,7.97,3.0
409,0,"Trumpler 29","Harvard 17",265.38,-40.15,349.98,-5.14,0.07,0.18,"nan","nan","nan",1.45,0.49,-4.64,0.55,-3.2,-3.66,11,760,0.19,9.99,2,8.69,2,"nan","nan","nan","nan","nan"
410,1,"Alessi 9","nan",265.98,-47.18,344.13,-9.13,0.6,1.4,-11.6,"nan",1.0,11.59,0.31,-9.72,0.31,-2.52,-14.91,26,195,0.07,6.67,1,8.42,2,"nan","nan","nan",8.4,1.0
411,1,"NGC 6416","nan",266.08,-32.36,356.93,-1.55,0.1,0.22,"nan","nan","nan",-0.88,0.39,0.09,0.42,-0.38,0.8,21,741,0.25,10.12,3,8.78,5,"nan","nan","nan",8.09,3.0
412,0,"IC 4665","nan",266.58,5.72,30.62,17.08,0.3,1.0,-10.26,1.8,17.0,-0.57,0.3,-7.4,0.36,-6.87,-2.81,30,352,0.17,8.26,3,7.63,1,-13.0,3.0,1.0,7.63,3.0
413,0,"NGC 6425","nan",266.76,-31.53,357.94,-1.6,0.06,0.13,"nan","nan","nan",7.44,0.58,1.07,0.97,4.77,-5.81,7,778,0.4,10.69,3,8.34,-1,"nan","nan","nan",7.35,3.0
414,0,"Collinder 350","nan",267.03,1.35,26.79,14.69,0.2,0.55,"nan","nan","nan",-3.55,0.21,0.02,0.22,-1.63,3.15,17,280,0.37,8.38,2,8.61,3,"nan","nan","nan","nan","nan"
415,0,"Ruprecht 131","nan",267.31,-29.25,0.14,-0.84,0.06,0.11,"nan","nan","nan",-0.4,1.41,-2.41,1.04,-2.27,-0.9,4,600,0.1,9.2,2,9.17,1,"nan","nan","nan","nan","nan"
416,0,"NGC 6444","nan",267.39,-34.82,355.39,-3.75,0.08,0.17,"nan","nan","nan",1.61,0.61,-0.4,0.47,0.48,-1.59,10,560,0.12,9.11,2,9.0,5,"nan","nan","nan","nan","nan"
417,0,"Basel 5","nan",268.11,-30.1,359.76,-1.86,0.08,0.15,"nan","nan","nan",3.17,0.55,1.76,1.08,3.13,-1.83,5,766,0.32,10.41,4,8.54,1,"nan","nan","nan",8.87,4.0
418,0,"Sco OB5","nan",268.14,-38.64,352.38,-6.2,0.15,0.58,"nan","nan","nan",2.46,0.37,-1.8,0.32,-0.33,-3.03,29,3310,0.23,13.31,6,6.86,2,"nan","nan","nan","nan","nan"
419,0,"NGC 6469","nan",268.3,-22.32,6.55,1.94,0.09,0.15,"nan","nan","nan",3.04,3.24,-1.2,1.2,0.51,-3.23,5,550,0.3,9.63,2,8.36,1,"nan","nan","nan","nan","nan"
420,0,"NGC 6475","M 7",268.45,-34.79,355.86,-4.49,0.2,1.2,-14.21,1.39,31.0,2.83,0.15,-5.14,0.15,-3.02,-5.03,119,300,0.1,7.7,5,8.22,8,-14.7,0.2,1.0,8.48,3.0
421,0,"Trumpler 30","nan",269.19,-35.27,355.74,-5.25,0.08,0.13,"nan","nan","nan",3.82,0.58,-0.13,0.34,1.78,-3.38,7,1000,0.22,10.68,2,8.31,1,"nan","nan","nan","nan","nan"
422,0,"NGC 6494","M 23",269.26,-18.99,9.88,2.84,0.15,0.58,"nan","nan","nan",0.65,0.18,-1.14,0.19,-0.66,-1.13,93,628,0.36,10.11,3,8.52,27,-8.6,0.4,1.0,8.48,3.0
423,1,"Collinder 359","Melotte 186",270.16,2.93,29.72,12.63,0.4,1.1,-4.45,0.25,2.0,0.22,0.28,-8.9,0.26,-7.82,-4.26,21,640,0.16,9.53,2,7.45,1,-4.4,0.4,1.0,7.51,3.0
424,0,"Ruprecht 139","nan",270.25,-23.53,6.41,-0.22,0.06,0.13,"nan","nan","nan",-1.1,1.03,-2.19,0.56,-2.45,-0.13,7,550,0.15,9.17,2,9.05,2,"nan","nan","nan","nan","nan"
425,0,"NGC 6514","nan",270.67,-22.97,7.08,-0.28,0.12,0.23,-2.13,1.62,3.0,2.63,0.61,-1.01,0.92,0.42,-2.79,5,816,0.19,10.15,3,7.28,-1,-10.0,8.6,1.0,7.37,3.0
426,1,"NGC 6520","nan",270.85,-27.89,2.88,-2.84,0.05,0.11,-26.0,2.65,3.0,3.54,0.81,-1.74,1.03,0.22,-3.94,5,1577,0.42,12.29,3,7.75,1,27.6,0.9,1.0,7.72,3.0
427,0,"NGC 6531","M 21",271.05,-22.49,7.67,-0.35,0.1,0.3,-14.71,5.12,9.0,0.26,0.42,-2.66,0.55,-2.19,-1.53,12,1205,0.28,11.27,3,6.82,-1,-11.5,8.0,1.0,7.07,3.0
428,1,"NGC 6530","nan",271.12,-24.36,6.07,-1.32,0.09,0.25,-13.32,6.34,9.0,2.01,0.45,-1.81,0.56,-0.59,-2.64,13,1322,0.3,11.54,3,6.67,-1,-30.0,11.0,1.0,6.92,3.0
429,0,"NGC 6546","nan",271.89,-23.33,7.32,-1.43,0.1,0.2,-16.67,15.77,3.0,-1.3,0.6,0.3,0.7,-0.37,1.28,12,938,0.49,11.38,3,8.72,3,"nan","nan","nan",7.85,3.0
430,0,"VDB 113, vdBergh 113","nan",272.22,-21.42,9.13,-0.77,0.1,0.23,-16.0,"nan",1.0,-0.26,0.45,-2.47,0.54,-2.29,-0.97,18,3470,0.58,14.5,2,7.5,1,"nan","nan","nan","nan","nan"
431,0,"ESO 521-38","nan",272.35,-24.53,6.47,-2.38,0.05,0.09,"nan","nan","nan",0.41,1.07,-2.07,0.79,-1.62,-1.36,5,1800,0.22,11.96,2,8.1,2,"nan","nan","nan","nan","nan"
432,1,"Collinder 367","nan",272.43,-23.66,7.27,-2.02,0.12,0.4,-3.17,4.03,6.0,1.16,0.42,-2.03,0.59,-1.22,-2.0,12,1200,0.35,11.48,2,6.84,1,"nan","nan","nan","nan","nan"
433,0,"NGC 6561","nan",272.62,-16.73,13.42,1.16,0.09,0.18,-17.93,3.2,3.0,0.02,0.6,0.02,0.5,0.03,-0.01,4,3400,0.4,13.9,2,6.92,1,"nan","nan","nan","nan","nan"
434,0,"NGC 6568","nan",273.18,-21.6,9.41,-1.64,0.08,0.22,"nan","nan","nan",-1.43,0.49,-1.71,0.53,-2.19,0.44,20,1000,0.25,10.77,2,8.71,13,"nan","nan","nan","nan","nan"
435,0,"Sgr OB7","nan",273.72,-20.4,10.7,-1.51,0.25,0.9,-7.19,3.14,9.0,1.8,0.26,-1.2,0.27,-0.2,-2.15,70,1860,0.24,12.09,6,6.64,-1,-1.7,"nan",6.0,"nan","nan"
436,1,"Markarian 38","nan",273.88,-19.0,12.01,-0.98,0.08,0.14,-3.2,9.2,2.0,-1.76,0.66,-2.12,0.43,-2.7,0.54,9,1545,0.3,11.88,3,6.95,1,-18.0,0.4,1.0,6.89,3.0
437,0,"NGC 6596","nan",274.38,-16.65,14.3,-0.28,0.08,0.17,"nan","nan","nan",2.94,0.49,-2.47,0.45,-0.78,-3.76,10,1100,0.15,10.67,2,8.6,3,"nan","nan","nan","nan","nan"
438,0,"Dias 5","nan",274.41,-19.67,11.65,-1.73,0.05,0.12,-5.25,2.25,2.0,1.92,1.21,-0.37,0.78,0.58,-1.87,7,1760,0.33,12.25,2,7.14,1,"nan","nan","nan","nan","nan"
439,1,"NGC 6604","nan",274.51,-12.24,18.24,1.7,0.07,0.26,9.6,7.05,5.0,-0.36,0.29,-2.68,0.33,-2.53,-0.95,16,1696,0.95,14.09,3,6.64,-1,18.0,14.0,1.0,6.81,3.0
440,1,"NGC 6603","M 24",274.6,-18.43,12.83,-1.31,0.06,0.12,"nan","nan","nan",0.85,0.7,0.93,0.6,1.22,-0.31,7,2880,0.5,13.85,4,7.8,1,"nan","nan","nan",8.3,1.0
441,1,"NGC 6611","M 16",274.69,-13.81,16.94,0.8,0.08,0.22,18.0,0.58,3.0,1.6,0.33,-0.35,0.48,0.45,-1.58,16,1719,0.7,13.35,3,6.72,-1,15.0,2.6,1.0,6.88,3.0
442,1,"Alessi 19","nan",274.77,12.18,40.29,12.63,0.2,0.75,-5.1,1.24,3.0,-0.47,0.22,-6.97,0.37,-6.5,-2.57,18,550,0.04,8.83,1,8.05,3,"nan","nan","nan",8.0,1.0
443,0,"NGC 6613","M 18",274.99,-17.1,14.18,-1.01,0.06,0.18,-14.0,4.49,4.0,-0.72,0.59,-1.53,0.37,-1.69,-0.09,11,1296,0.45,11.96,3,7.52,2,-5.4,1.8,1.0,7.22,3.0
444,0,"NGC 6618","M 17",275.14,-16.19,15.05,-0.7,0.09,0.3,-17.0,13.0,2.0,3.04,1.12,0.33,0.67,1.72,-2.53,7,1814,1.6,16.25,3,6.78,1,-25.3,19.1,1.0,7.0,4.0
445,0,"Trumpler 33","nan",276.18,-19.72,12.39,-3.23,0.04,0.12,"nan","nan","nan",-4.69,1.02,-0.92,0.92,-2.99,3.72,3,1755,0.36,12.34,3,7.84,-2,"nan","nan","nan",7.68,3.0
446,0,"NGC 6633","nan",276.81,6.51,36.01,8.34,0.15,0.51,-25.43,3.79,9.0,0.1,0.22,-2.0,0.24,-1.74,-0.98,57,385,0.18,8.48,3,8.76,24,-29.1,0.3,1.0,8.63,3.0
447,0,"NGC 6639","nan",277.74,-13.15,18.91,-1.51,0.09,0.18,7.0,"nan",1.0,2.31,0.79,-1.5,0.63,-0.26,-2.74,7,700,0.2,9.85,2,8.86,3,"nan","nan","nan","nan","nan"
448,0,"Ruprecht 141","nan",277.83,-12.32,19.69,-1.2,0.05,0.11,30.7,"nan",1.0,0.57,0.41,-2.68,1.06,-2.11,-1.74,4,5500,0.57,15.47,2,6.92,-2,"nan","nan","nan","nan","nan"
449,1,"IC 4725","M 25",277.92,-19.12,13.68,-4.41,0.2,0.6,-1.81,10.46,7.0,-2.73,0.35,-4.95,0.35,-5.65,0.16,37,620,0.45,10.36,3,7.83,4,2.4,"nan",1.0,7.96,3.0
450,0,"IC 4756","nan",279.73,5.45,36.37,5.26,0.35,1.0,-22.45,1.37,25.0,-1.11,0.16,-3.86,0.14,-3.95,-0.75,116,484,0.19,9.01,5,8.79,13,-25.8,0.6,1.0,8.7,3.0
451,0,"NGC 6694","M 26",281.32,-9.38,23.88,-2.91,0.06,0.12,4.0,"nan",1.0,-2.02,0.55,-3.13,0.48,-3.71,0.38,9,1582,0.6,12.86,3,8.3,3,-9.2,0.5,1.0,7.92,3.0
452,0,"Ruprecht 145","nan",282.64,-18.22,16.51,-8.01,0.15,0.37,"nan","nan","nan",6.43,0.36,-4.51,0.46,-1.23,-7.76,22,770,0.25,10.21,2,8.64,7,"nan","nan","nan","nan","nan"
453,0,"NGC 6705","M 11",282.76,-6.27,27.3,-2.77,0.07,0.19,29.49,2.19,28.0,-6.51,0.49,-0.48,0.41,-3.38,5.58,16,1877,0.43,12.7,3,8.07,3,34.4,0.2,1.0,8.3,3.0
454,1,"NGC 6709","nan",282.82,10.32,42.12,4.72,0.1,0.22,-7.0,6.92,6.0,2.55,0.27,-3.51,0.31,-1.99,-3.86,19,1075,0.32,11.15,3,8.14,9,-21.0,5.0,1.0,8.18,3.0
455,0,"Collinder 394","nan",283.11,-20.2,14.9,-9.26,0.15,0.43,-1.86,6.45,2.0,-3.03,0.31,-6.31,0.42,-7.0,0.01,30,703,0.24,9.98,3,7.86,2,6.0,0.3,1.0,7.8,3.0
456,1,"Stephenson 1","nan",283.5,36.82,66.81,15.39,0.2,0.87,-21.6,4.4,2.0,1.66,0.6,-2.84,0.57,-1.98,-2.62,31,373,0.04,7.98,3,7.69,1,-26.0,"nan",4.0,7.73,3.0
457,1,"NGC 6716","nan",283.63,-19.9,15.39,-9.58,0.08,0.14,6.0,"nan",1.0,-1.54,0.59,-4.31,0.44,-4.55,-0.47,9,789,0.2,10.1,3,7.47,1,"nan","nan","nan",7.96,3.0
458,0,"NGC 6728","nan",284.68,-8.97,25.74,-5.68,0.06,0.13,"nan","nan","nan",2.25,0.71,-0.8,0.69,0.29,-2.37,9,1000,0.15,10.47,2,8.93,3,"nan","nan","nan","nan","nan"
459,0,"NGC 6738","nan",285.33,11.61,44.39,3.11,0.06,0.12,"nan","nan","nan",4.42,1.11,2.65,0.86,4.37,-2.73,4,700,0.05,9.38,2,9.16,2,"nan","nan","nan","nan","nan"
460,0,"Ruprecht 147","nan",289.17,-16.3,20.99,-12.81,0.25,1.23,41.0,"nan",1.0,-0.56,0.19,-27.74,0.2,-25.4,-11.16,41,175,0.15,6.68,2,9.39,6,"nan","nan","nan","nan","nan"
461,0,"NGC 6793","nan",290.8,22.14,56.16,3.32,0.06,0.15,"nan","nan","nan",3.9,0.26,1.09,0.45,2.79,-2.93,8,1100,0.17,10.73,2,8.64,3,"nan","nan","nan","nan","nan"
462,0,"NGC 6800","nan",291.78,25.14,59.23,3.95,0.07,0.13,"nan","nan","nan",1.65,0.52,4.27,0.44,4.54,0.56,10,1000,0.4,11.24,2,8.59,6,"nan","nan","nan","nan","nan"
463,0,"Stock 1","nan",293.95,25.22,60.25,2.26,0.17,0.4,"nan","nan","nan",5.74,0.28,1.11,0.21,3.76,-4.48,21,350,0.17,8.25,2,8.53,4,"nan","nan","nan",8.48,1.0
464,0,"NGC 6811","nan",294.31,46.39,79.21,12.02,0.1,0.3,6.05,0.95,2.0,-5.21,0.3,-7.45,0.23,-9.0,1.28,31,1240,0.14,10.9,3,8.76,9,7.1,0.3,1.0,8.84,3.0
465,0,"NGC 6823","nan",295.78,23.3,59.4,-0.14,0.07,0.27,17.0,"nan",1.0,-2.83,0.4,-5.07,0.29,-5.81,-0.07,10,1893,0.84,13.99,3,7.01,1,11.0,6.0,1.0,6.82,3.0
466,0,"Turner 9","nan",296.2,29.26,64.75,2.51,0.4,0.8,-13.86,8.56,4.0,0.63,0.19,-3.6,0.2,-2.81,-2.34,94,852,0.15,10.12,1,8.06,2,"nan","nan","nan",8.2,1.0
467,0,"Roslund 1","nan",296.25,17.52,54.6,-3.39,0.07,0.15,"nan","nan","nan",1.18,0.4,-7.08,0.65,-5.55,-4.55,7,670,0.05,9.28,2,8.47,-1,"nan","nan","nan","nan","nan"
468,0,"Roslund 2","nan",296.35,23.92,60.19,-0.28,0.1,0.23,-5.0,6.0,2.0,-1.88,0.53,-4.24,0.25,-4.61,-0.5,7,2000,0.9,14.3,2,6.89,1,"nan","nan","nan","nan","nan"
469,1,"NGC 6828","nan",297.57,7.9,46.82,-9.27,0.08,0.18,-21.0,"nan",1.0,-1.12,1.06,-2.9,0.75,-3.08,-0.44,4,600,0.2,9.51,2,8.56,1,"nan","nan","nan","nan","nan"
470,0,"NGC 6830","nan",297.75,23.1,60.13,-1.8,0.06,0.17,"nan","nan","nan",-0.04,0.53,-2.7,0.64,-2.34,-1.34,5,1639,0.5,12.62,3,7.52,2,"nan","nan","nan",7.57,3.0
471,0,"Roslund 3","nan",299.67,20.48,58.8,-4.68,0.07,0.2,"nan","nan","nan",-0.7,0.35,-3.98,0.46,-3.77,-1.47,11,1515,0.34,11.96,3,7.61,1,-4.7,3.0,1.0,8.04,3.0
472,0,"Dolidze 36","nan",300.6,42.15,77.69,6.03,0.08,0.17,"nan","nan","nan",0.19,0.38,-0.95,0.4,-0.71,-0.66,9,900,0.22,10.45,2,8.83,4,"nan","nan","nan","nan","nan"
473,0,"NGC 6866","nan",300.97,44.16,79.56,6.84,0.07,0.14,"nan","nan","nan",-3.48,0.4,-5.8,0.38,-6.76,-0.07,10,1450,0.17,11.33,3,8.68,3,"nan","nan","nan",8.58,3.0
474,0,"Alessi 10","nan",301.18,-10.48,31.64,-20.98,0.08,0.17,"nan","nan","nan",0.7,0.55,-7.92,0.49,-6.87,-4.0,6,513,0.22,9.23,1,8.71,4,"nan","nan","nan",8.35,1.0
475,1,"Dolidze 38","nan",301.39,41.2,77.19,5.02,0.1,0.2,"nan","nan","nan",-3.59,0.72,-6.49,0.59,-7.41,-0.41,8,1200,0.15,10.86,2,8.95,-3,"nan","nan","nan","nan","nan"
476,0,"NGC 6871","nan",301.5,35.78,72.64,2.06,0.08,0.23,-10.54,2.25,7.0,-3.65,0.26,-7.19,0.42,-8.03,-0.78,17,1574,0.44,12.35,3,6.99,3,-15.0,6.0,1.0,6.96,3.0
477,0,"Biurakan 1","nan",301.87,35.7,72.74,1.76,0.1,0.22,-8.48,2.94,5.0,-3.51,0.39,-6.24,0.56,-7.15,-0.41,13,1600,0.33,12.04,2,7.25,2,"nan","nan","nan","nan","nan"
478,0,"Biurakan 2","nan",302.29,35.48,72.74,1.35,0.08,0.18,-22.0,9.47,4.0,-3.63,0.38,-6.24,0.42,-7.21,-0.34,11,1106,0.36,11.34,3,7.14,1,"nan","nan","nan",7.01,3.0
479,0,"Roslund 5","nan",302.59,33.8,71.47,0.23,0.15,0.54,-19.82,2.79,11.0,2.75,0.3,-2.12,0.31,-0.27,-3.46,31,418,0.1,8.42,3,7.77,1,"nan","nan","nan",7.83,3.0
480,0,"NGC 6883","nan",302.83,35.83,73.27,1.17,0.07,0.16,-10.33,4.33,3.0,-3.78,0.28,-6.58,0.3,-7.58,-0.44,12,1380,0.3,11.63,4,7.53,2,-8.0,"nan",4.0,7.17,4.0
481,0,"Ruprecht 172","nan",302.89,35.6,73.11,1.01,0.08,0.16,"nan","nan","nan",-0.42,0.73,-3.97,0.51,-3.55,-1.83,12,1100,0.2,10.83,2,8.91,2,"nan","nan","nan","nan","nan"
482,1,"NGC 6882","nan",302.94,26.81,65.77,-3.84,0.11,0.11,-16.69,6.01,2.0,1.26,0.54,-10.0,0.85,-7.69,-6.52,4,342,0.02,7.73,3,8.16,1,0.7,1.5,1.0,7.67,3.0
483,1,"IC 4996","nan",304.12,37.63,75.35,1.31,0.08,0.16,-18.75,14.33,4.0,-1.78,0.4,-5.42,0.71,-5.49,-1.55,7,1732,0.6,13.05,3,6.8,1,-13.0,3.0,1.0,6.95,3.0
484,0,"Collinder 419","nan",304.5,40.72,78.07,2.79,0.07,0.25,-8.19,"nan",1.0,-2.56,0.26,-6.99,0.16,-7.22,-1.8,8,740,0.34,10.4,2,6.85,1,-7.0,"nan",4.0,"nan","nan"
485,0,"Berkeley 86","nan",305.1,38.7,76.66,1.27,0.07,0.13,"nan","nan","nan",-6.17,0.91,-3.11,0.93,-6.06,3.32,4,1112,0.9,13.02,3,6.96,1,-13.6,8.2,1.0,7.12,3.0
486,0,"NGC 6910","nan",305.8,40.78,78.68,2.01,0.08,0.17,-32.76,2.7,3.0,-3.89,0.28,-4.93,0.35,-6.27,0.37,9,1139,0.97,13.29,3,7.33,2,-34.5,5.0,1.0,7.13,3.0
487,0,"Collinder 421","nan",305.82,41.7,79.44,2.53,0.06,0.12,"nan","nan","nan",-4.63,0.53,-9.73,0.28,-10.63,-1.77,8,950,0.1,10.2,2,9.06,3,"nan","nan","nan","nan","nan"
488,1,"NGC 6913","M 29",305.98,38.51,76.9,0.6,0.06,0.11,-21.05,2.81,6.0,-3.8,0.51,-5.71,0.37,-6.86,-0.17,6,1148,0.98,13.34,3,7.12,2,-16.9,0.6,1.0,7.11,3.0
489,0,"Roslund 6","nan",307.2,39.26,78.06,0.26,0.15,0.27,"nan","nan","nan",5.82,0.49,2.03,0.7,5.05,-3.53,6,450,0.06,8.45,2,8.47,1,"nan","nan","nan","nan","nan"
490,0,"Cyg OB2","nan",308.31,41.31,80.21,0.79,0.17,0.6,-28.0,"nan",1.0,-1.6,0.26,-4.72,0.24,-4.75,-1.52,17,1500,1.3,14.91,6,6.72,2,-19.7,"nan",6.0,"nan","nan"
491,0,"NGC 6940","nan",308.61,28.28,69.85,-7.15,0.16,0.5,4.42,2.41,23.0,-1.5,0.2,-8.93,0.24,-8.1,-4.05,56,770,0.21,10.08,3,8.94,23,7.7,0.6,1.0,8.86,3.0
492,0,"Alessi 12","nan",310.87,23.78,67.41,-11.46,0.2,0.5,"nan","nan","nan",3.75,0.2,-4.66,0.24,-1.49,-5.79,25,537,0.08,8.9,1,7.9,3,"nan","nan","nan",8.1,1.0
493,0,"Roslund 7","nan",313.09,37.9,79.8,-4.22,0.11,0.43,"nan","nan","nan",1.2,0.33,0.42,0.22,1.09,-0.66,20,700,0.2,9.85,2,8.67,9,"nan","nan","nan","nan","nan"
494,1,"NGC 6991","nan",313.63,47.45,87.39,1.6,0.1,0.42,-6.0,"nan",1.0,7.0,0.23,9.26,0.3,11.59,0.61,32,700,0.0,9.23,2,9.11,8,"nan","nan","nan","nan","nan"
495,1,"NGC 7039","nan",317.7,45.62,87.88,-1.7,0.12,0.28,-11.0,"nan",1.0,-1.68,0.5,-4.69,0.42,-4.57,-1.97,12,951,0.13,10.29,3,8.83,5,"nan","nan","nan",7.82,3.0
496,0,"NGC 7058","nan",320.47,50.82,92.9,0.59,0.05,0.08,"nan","nan","nan",7.33,0.59,3.18,0.28,7.44,-2.91,5,400,0.06,8.2,2,8.35,1,"nan","nan","nan","nan","nan"
497,0,"NGC 7063","nan",321.09,36.49,83.06,-9.88,0.08,0.26,"nan","nan","nan",1.24,0.41,-2.83,0.39,-1.13,-2.87,8,689,0.09,9.47,3,8.08,1,"nan","nan","nan",7.98,3.0
498,0,"NGC 7082","nan",322.24,47.13,91.16,-2.87,0.1,0.35,-9.1,"nan",1.0,-1.56,0.42,-3.55,0.4,-3.58,-1.5,23,1442,0.24,11.54,3,7.91,2,-11.1,3.4,1.0,8.23,3.0
499,0,"NGC 7092","M 39",322.95,48.45,92.41,-2.23,0.28,0.88,-2.8,5.68,5.0,-8.0,0.2,-20.21,0.22,-19.63,-9.34,27,311,0.01,7.49,5,8.57,8,-7.5,0.5,1.0,8.44,3.0
500,0,"IC 1396","Trumpler 37",324.73,57.49,99.28,3.74,0.25,0.65,-15.35,3.41,4.0,-2.21,0.54,-4.06,0.49,-4.35,-1.57,21,835,0.47,11.06,3,6.69,-1,-22.3,0.2,1.0,7.05,3.0
501,1,"NGC 7160","nan",328.41,62.6,104.0,6.46,0.05,0.23,-26.28,3.88,6.0,-3.01,0.41,-1.77,0.48,-3.45,0.51,7,794,0.35,10.58,3,7.66,1,-23.6,1.8,1.0,7.28,3.0
502,0,"NGC 7209","nan",331.32,46.48,95.51,-7.36,0.12,0.25,"nan","nan","nan",2.49,0.29,1.62,0.33,2.97,-0.18,23,1167,0.16,10.83,3,8.65,16,"nan","nan","nan",8.62,3.0
503,0,"NGC 7235","nan",333.1,57.27,102.7,0.78,0.05,0.08,"nan","nan","nan",-2.48,0.88,-1.74,1.15,-3.03,-0.02,4,2823,0.93,15.14,3,6.76,1,-52.0,4.0,1.0,7.07,3.0
504,0,"NGC 7243","nan",333.78,49.9,98.85,-5.52,0.17,0.52,-12.61,2.47,28.0,0.37,0.25,-2.1,0.23,-0.88,-1.94,43,808,0.22,10.22,3,8.09,7,-11.6,1.1,1.0,8.06,3.0
505,0,"IC 1442","nan",334.12,54.05,101.36,-2.2,0.07,0.16,"nan","nan","nan",-1.77,0.45,-2.13,0.41,-2.66,-0.78,6,2346,0.54,13.53,3,7.71,1,-25.3,"nan",1.0,6.98,3.0
506,0,"Pismis-Moreno 1","nan",334.69,63.27,106.72,5.31,0.07,0.16,-23.25,0.25,2.0,0.31,0.46,-0.39,0.99,0.04,-0.5,7,900,0.5,11.32,1,7.55,1,"nan","nan","nan","nan","nan"
507,0,"NGC 7281","nan",336.33,57.82,104.44,0.29,0.09,0.2,"nan","nan","nan",-0.46,0.51,-2.41,0.93,-1.67,-1.8,11,1620,0.5,12.6,2,7.86,3,"nan","nan","nan","nan","nan"
508,0,"NGC 7380","nan",341.77,58.12,107.1,-0.88,0.1,0.25,-34.13,6.09,3.0,-3.08,0.88,-1.66,0.86,-3.5,-0.06,8,2222,0.6,13.59,3,6.72,-1,-45.6,15.4,1.0,7.08,3.0
509,0,"NGC 7438","nan",344.34,54.34,106.7,-4.9,0.08,0.23,"nan","nan","nan",1.53,0.57,-1.18,0.38,0.88,-1.72,17,600,0.4,10.13,2,8.93,4,"nan","nan","nan","nan","nan"
510,0,"Cep OB3","nan",346.05,63.4,111.26,2.98,0.3,1.0,-15.12,3.18,13.0,-1.46,0.32,-1.98,0.37,-2.13,-1.23,43,700,0.55,10.93,6,7.44,2,-21.1,"nan",6.0,"nan","nan"
511,1,"NGC 7510","nan",347.76,60.57,110.9,0.06,0.05,0.09,"nan","nan","nan",-3.63,0.89,-0.92,2.0,-3.71,0.52,4,2075,0.9,14.38,3,7.22,2,"nan","nan","nan",7.58,3.0
512,0,"NGC 7654","M 52",351.19,61.59,112.81,0.43,0.08,0.17,-40.0,"nan",1.0,-1.72,0.77,-2.16,1.0,-2.33,-1.47,10,1421,0.65,12.78,3,7.84,4,-35.5,1.0,1.0,7.76,3.0
513,0,"Czernik 43","nan",351.45,61.32,112.84,0.13,0.08,0.17,-58.05,2.95,2.0,-2.77,1.01,-2.2,0.76,-3.33,-1.18,9,2500,0.7,14.16,2,7.7,1,"nan","nan","nan","nan","nan"
514,1,"Stock 12","nan",353.89,52.69,111.44,-8.48,0.12,0.37,"nan","nan","nan",7.92,0.39,-1.81,0.31,7.04,-4.05,15,400,0.05,8.16,2,8.45,2,"nan","nan","nan","nan","nan"
515,0,"Aveni-Hunter 1","nan",354.45,48.52,110.55,-12.58,0.15,0.5,"nan","nan","nan",1.56,0.83,-2.77,0.53,0.7,-3.1,7,500,0.1,8.81,2,8.26,1,"nan","nan","nan","nan","nan"
516,0,"King 12","nan",358.24,61.97,116.12,-0.13,0.07,0.16,-38.0,"nan",1.0,-3.6,0.97,-1.25,0.4,-3.79,-0.41,9,2378,0.59,13.71,3,7.12,2,"nan","nan","nan",7.04,3.0
517,1,"NGC 7788","nan",359.19,61.4,116.43,-0.78,0.05,0.12,-24.0,"nan",1.0,0.29,0.67,-2.36,0.76,-0.21,-2.37,7,2374,0.48,13.36,3,7.48,4,"nan","nan","nan",7.59,3.0
518,1,"NGC 7789","nan",359.31,56.71,115.51,-5.38,0.1,0.27,"nan","nan","nan",3.03,0.56,-0.58,0.54,2.84,-1.2,26,2337,0.22,12.52,3,9.23,-3,-64.0,9.0,1.0,9.23,3.0
519,0,"Frolov 1","nan",359.35,61.63,116.56,-0.57,0.06,0.15,"nan","nan","nan",-5.91,0.65,-1.35,1.22,-6.06,-0.09,6,2560,0.6,13.9,2,7.66,2,"nan","nan","nan","nan","nan"
520,0,"NGC 7790","nan",359.59,61.21,116.58,-1.01,0.05,0.1,-81.44,1.86,2.0,-2.13,0.99,-1.4,0.93,-2.37,-0.94,5,2944,0.53,13.99,3,7.91,1,-78.0,0.5,1.0,7.75,3.0
