"Cluster","logAge","Nmemb","RAJ2000","s_RAJ2000","DEJ2000","s_DEJ2000","plx","s_plx","pmRA","s_pmRA","pmDE","s_pmDE","dist","s_dist","[Fe/H]","e_[Fe/H]","o_[Fe/H]","[O/Fe]","e_[O/Fe]","o_[O/Fe]","[Na/Fe]","e_[Na/Fe]","o_[Na/Fe]","[Mg/Fe]","e_[Mg/Fe]","o_[Mg/Fe]","[Al/Fe]","e_[Al/Fe]","o_[Al/Fe]","[Si/Fe]","e_[Si/Fe]","o_[Si/Fe]","[Ca/Fe]","e_[Ca/Fe]","o_[Ca/Fe]","[Ti/Fe]","e_[Ti/Fe]","o_[Ti/Fe]","[V/Fe]","e_[V/Fe]","o_[V/Fe]","[Cr/Fe]","e_[Cr/Fe]","o_[Cr/Fe]","[Mn/Fe]","e_[Mn/Fe]","o_[Mn/Fe]","[Co/Fe]","e_[Co/Fe]","o_[Co/Fe]","[Ni/Fe]","e_[Ni/Fe]","o_[Ni/Fe]","[Cu/Fe]","e_[Cu/Fe]","o_[Cu/Fe]","[Zn/Fe]","e_[Zn/Fe]","o_[Zn/Fe]","[Y/Fe]","e_[Y/Fe]","o_[Y/Fe]","[Zr/Fe]","e_[Zr/Fe]","o_[Zr/Fe]","[Ba/Fe]","e_[Ba/Fe]","o_[Ba/Fe]","[La/Fe]","e_[La/Fe]","o_[La/Fe]","[Nd/Fe]","e_[Nd/Fe]","o_[Nd/Fe]","[Eu/Fe]","e_[Eu/Fe]","o_[Eu/Fe]"
"ASCC_16",7.13,289,81.171005,0.323216,1.652395,0.368368,2.835,0.14,1.355,0.277,-0.019,0.292,0.354,0.019,-0.104,0.06,19.0,0.409,0.277,9.0,-0.017,0.156,9.0,-0.111,0.059,10.0,0.021,0.082,10.0,0.023,0.071,10.0,0.205,0.079,10.0,-0.064,0.116,9.0,-0.025,0.218,4.0,-0.03,0.073,7.0,0.021,0.092,10.0,-0.32,0.306,7.0,-0.039,0.169,9.0,-0.172,0.221,8.0,0.096,0.258,7.0,0.412,0.153,9.0,-0.047,0.165,1.0,0.375,0.15,8.0,0.39,0.141,1.0,"nan","nan","nan","nan","nan","nan"
"ASCC_19",7.02,264,82.046997,0.653333,-1.976446,0.508171,2.767,0.112,1.153,0.266,-1.282,0.247,0.363,0.015,-0.059,0.049,21.0,0.424,0.081,6.0,-0.048,0.036,1.0,-0.071,0.034,10.0,0.058,0.105,10.0,0.001,0.097,10.0,0.101,0.106,10.0,-0.103,0.199,9.0,0.067,0.13,1.0,0.01,0.052,1.0,-0.053,0.093,10.0,0.105,0.429,8.0,-0.113,0.055,10.0,0.067,0.224,10.0,0.187,0.064,1.0,0.533,0.089,1.0,"nan","nan","nan",0.618,0.062,1.0,"nan","nan","nan","nan","nan","nan","nan","nan","nan"
"ASCC_90",8.91,67,264.756836,0.461799,-34.892029,0.529645,1.722,0.052,-1.597,0.201,-2.674,0.178,0.582,0.017,"nan","nan","nan","nan","nan","nan","nan","nan","nan","nan","nan","nan","nan","nan","nan","nan","nan","nan","nan","nan","nan","nan","nan","nan","nan","nan","nan","nan","nan","nan","nan","nan","nan","nan","nan","nan","nan","nan","nan","nan","nan","nan","nan","nan","nan","nan","nan","nan","nan","nan","nan","nan","nan","nan","nan","nan","nan","nan","nan","nan","nan","nan","nan"
"ASCC_99",8.55,82,282.218628,0.544328,-18.527493,0.663828,3.377,0.119,5.2,0.32,-1.36,0.394,0.297,0.011,"nan","nan","nan","nan","nan","nan","nan","nan","nan","nan","nan","nan","nan","nan","nan","nan","nan","nan","nan","nan","nan","nan","nan","nan","nan","nan","nan","nan","nan","nan","nan","nan","nan","nan","nan","nan","nan","nan","nan","nan","nan","nan","nan","nan","nan","nan","nan","nan","nan","nan","nan","nan","nan","nan","nan","nan","nan","nan","nan","nan","nan","nan","nan"
"Alessi_24",7.86,152,260.772339,0.943924,-62.673843,0.563663,2.056,0.074,-0.435,0.23,-8.945,0.223,0.486,0.018,0.079,0.013,2.0,"nan","nan","nan","nan","nan","nan","nan","nan","nan","nan","nan","nan","nan","nan","nan","nan","nan","nan","nan","nan","nan","nan","nan","nan","nan","nan","nan","nan","nan","nan","nan","nan","nan","nan","nan","nan","nan","nan","nan","nan","nan","nan","nan","nan","nan","nan","nan","nan","nan","nan","nan","nan","nan","nan","nan","nan","nan","nan","nan","nan"
"Alessi_9",8.45,290,265.907837,2.621027,-47.173027,1.971586,4.781,0.389,9.89,0.885,-9.037,0.76,0.21,0.018,-0.04,0.051,3.0,0.143,0.068,2.0,-0.033,0.044,1.0,-0.041,0.076,2.0,-0.041,0.023,1.0,-0.101,0.085,2.0,0.215,0.042,2.0,0.324,0.053,2.0,"nan","nan","nan",0.093,0.076,1.0,-0.054,0.015,2.0,0.236,0.135,1.0,-0.088,0.018,1.0,-0.137,0.064,1.0,-0.09,0.075,1.0,0.196,0.101,1.0,"nan","nan","nan",-0.062,0.08,1.0,"nan","nan","nan","nan","nan","nan","nan","nan","nan"
"VDBH_211, BH_211",8.63,101,255.529739,0.098989,-41.11961,0.074067,0.507,0.09,-0.689,0.161,-1.939,0.175,2.007,0.396,0.214,0.015,3.0,-0.127,0.024,3.0,0.28,0.039,3.0,-0.047,0.015,3.0,0.117,0.031,3.0,-0.036,0.015,3.0,0.087,0.025,3.0,-0.038,0.028,3.0,-0.145,0.039,1.0,"nan","nan","nan",0.098,0.014,3.0,-0.04,0.062,3.0,0.15,0.016,3.0,0.032,0.02,3.0,"nan","nan","nan","nan","nan","nan","nan","nan","nan","nan","nan","nan","nan","nan","nan","nan","nan","nan","nan","nan","nan"
"VDBH_90, BH_90",8.1,132,153.060669,0.073321,-58.070267,0.040038,0.362,0.06,-5.4,0.143,2.313,0.111,2.759,0.482,"nan","nan","nan","nan","nan","nan","nan","nan","nan","nan","nan","nan","nan","nan","nan","nan","nan","nan","nan","nan","nan","nan","nan","nan","nan","nan","nan","nan","nan","nan","nan","nan","nan","nan","nan","nan","nan","nan","nan","nan","nan","nan","nan","nan","nan","nan","nan","nan","nan","nan","nan","nan","nan","nan","nan","nan","nan","nan","nan","nan","nan","nan","nan"
"VDBH_99, BH_99",7.98,425,159.537476,1.025403,-59.167953,0.526917,2.214,0.085,-14.464,0.29,0.954,0.323,0.453,0.018,-0.099,0.006,2.0,0.163,0.041,2.0,0.052,0.006,2.0,-0.072,0.002,2.0,-0.045,0.035,2.0,0.088,0.032,2.0,0.149,0.012,2.0,"nan","nan","nan","nan","nan","nan","nan","nan","nan",-0.007,0.022,2.0,"nan","nan","nan","nan","nan","nan","nan","nan","nan",-0.155,0.009,2.0,0.035,0.049,2.0,"nan","nan","nan",0.221,0.002,2.0,"nan","nan","nan","nan","nan","nan","nan","nan","nan"
"Basel_11b",8.36,77,89.549553,0.064659,21.96394,0.069494,0.514,0.09,1.038,0.141,-4.144,0.162,1.956,0.385,-0.037,0.034,2.0,-0.083,0.076,2.0,0.132,0.017,2.0,-0.054,0.033,2.0,-0.002,0.045,2.0,-0.008,0.021,2.0,0.056,0.026,2.0,-0.045,0.014,2.0,0.138,0.044,1.0,"nan","nan","nan",0.068,0.011,2.0,-0.107,0.016,2.0,0.001,0.013,2.0,-0.149,0.089,2.0,"nan","nan","nan","nan","nan","nan","nan","nan","nan","nan","nan","nan","nan","nan","nan","nan","nan","nan","nan","nan","nan"
"Berkeley_17",9.86,255,80.130157,0.078879,30.574152,0.066526,0.28,0.12,2.608,0.282,-0.335,0.225,3.312,0.899,-0.154,0.031,7.0,0.091,0.069,5.0,0.03,0.181,5.0,0.074,0.02,5.0,0.156,0.043,5.0,0.043,0.011,5.0,0.1,0.012,5.0,0.018,0.034,5.0,0.12,0.067,5.0,"nan","nan","nan",-0.013,0.021,5.0,0.002,0.025,5.0,0.071,0.011,5.0,0.089,0.053,5.0,"nan","nan","nan","nan","nan","nan","nan","nan","nan","nan","nan","nan","nan","nan","nan","nan","nan","nan","nan","nan","nan"
"Berkeley_18",9.64,289,80.530998,0.158172,45.439224,0.110583,0.148,0.087,0.849,0.181,-0.044,0.129,4.818,1.159,-0.621,0.013,1.0,0.296,0.025,1.0,0.069,0.078,1.0,0.052,0.019,1.0,0.094,0.029,1.0,0.031,0.017,1.0,0.097,0.028,1.0,0.194,0.035,1.0,0.02,0.095,1.0,"nan","nan","nan",-0.054,0.033,1.0,0.139,0.076,1.0,-0.019,0.026,1.0,-0.047,0.07,1.0,"nan","nan","nan","nan","nan","nan","nan","nan","nan","nan","nan","nan","nan","nan","nan","nan","nan","nan","nan","nan","nan"
"Berkeley_19",9.34,46,81.009392,0.048279,29.575743,0.035937,0.124,0.102,0.774,0.208,-0.311,0.113,4.775,1.116,-0.323,0.01,1.0,"nan","nan","nan","nan","nan","nan","nan","nan","nan","nan","nan","nan","nan","nan","nan","nan","nan","nan","nan","nan","nan","nan","nan","nan","nan","nan","nan","nan","nan","nan","nan","nan","nan","nan","nan","nan","nan","nan","nan","nan","nan","nan","nan","nan","nan","nan","nan","nan","nan","nan","nan","nan","nan","nan","nan","nan","nan","nan","nan","nan"
"Berkeley_20",9.68,38,83.151367,0.022802,0.184905,0.018079,0.053,0.11,0.858,0.325,-0.275,0.293,4.664,1.915,-0.418,0.013,1.0,"nan","nan","nan","nan","nan","nan","nan","nan","nan","nan","nan","nan","nan","nan","nan","nan","nan","nan","nan","nan","nan","nan","nan","nan","nan","nan","nan","nan","nan","nan","nan","nan","nan","nan","nan","nan","nan","nan","nan","nan","nan","nan","nan","nan","nan","nan","nan","nan","nan","nan","nan","nan","nan","nan","nan","nan","nan","nan","nan","nan"
"Berkeley_29",9.49,12,103.268188,0.018322,16.928677,0.010712,0.008,0.042,0.146,0.051,-0.988,0.083,8.167,2.167,-0.48,0.013,1.0,"nan","nan","nan","nan","nan","nan","nan","nan","nan","nan","nan","nan","nan","nan","nan","nan","nan","nan","nan","nan","nan","nan","nan","nan","nan","nan","nan","nan","nan","nan","nan","nan","nan","nan","nan","nan","nan","nan","nan","nan","nan","nan","nan","nan","nan","nan","nan","nan","nan","nan","nan","nan","nan","nan","nan","nan","nan","nan","nan","nan"
"Berkeley_31",9.45,100,104.406143,0.051558,8.285992,0.046005,0.141,0.127,0.192,0.177,-0.928,0.161,4.68,1.337,-0.388,0.012,1.0,0.161,0.02,1.0,0.152,0.065,1.0,0.072,0.017,1.0,0.181,0.029,1.0,0.075,0.016,1.0,0.154,0.022,1.0,0.086,0.029,1.0,0.608,0.079,1.0,"nan","nan","nan",-0.019,0.027,1.0,-0.046,0.062,1.0,0.001,0.022,1.0,0.157,0.058,1.0,"nan","nan","nan","nan","nan","nan","nan","nan","nan","nan","nan","nan","nan","nan","nan","nan","nan","nan","nan","nan","nan"
"Berkeley_32",9.69,369,104.529518,0.053757,6.433011,0.057045,0.283,0.075,-0.344,0.2,-1.617,0.179,3.372,0.701,-0.377,0.064,3.0,0.311,0.097,1.0,0.222,0.035,1.0,-0.011,0.046,1.0,0.121,0.049,1.0,0.16,0.041,1.0,0.272,0.054,1.0,0.114,0.033,1.0,0.177,0.074,1.0,-0.004,0.051,1.0,0.08,0.048,1.0,-0.051,0.06,1.0,-0.239,0.083,1.0,-0.061,0.048,1.0,"nan","nan","nan",0.141,0.085,1.0,0.12,0.083,1.0,0.453,0.061,1.0,0.117,0.081,1.0,0.441,0.113,1.0,0.083,0.075,1.0
"Berkeley_33",8.37,138,104.456863,0.030538,-13.227818,0.035714,0.136,0.071,-0.73,0.118,1.582,0.161,5.17,1.216,-0.227,0.008,1.0,0.095,0.011,1.0,0.219,0.038,1.0,-0.031,0.011,1.0,0.136,0.017,1.0,0.028,0.01,1.0,0.134,0.012,1.0,-0.017,0.016,1.0,0.385,0.042,1.0,"nan","nan","nan",0.016,0.014,1.0,-0.066,0.033,1.0,0.007,0.012,1.0,0.067,0.032,1.0,"nan","nan","nan","nan","nan","nan","nan","nan","nan","nan","nan","nan","nan","nan","nan","nan","nan","nan","nan","nan","nan"
"Berkeley_43",8.79,212,288.871796,0.050927,11.270375,0.052868,0.168,0.098,-1.045,0.206,-3.52,0.236,4.373,1.096,0.026,0.007,1.0,-0.013,0.012,1.0,0.209,0.034,1.0,-0.076,0.009,1.0,-0.075,0.017,1.0,0.034,0.009,1.0,0.048,0.009,1.0,-0.037,0.014,1.0,0.159,0.041,1.0,"nan","nan","nan",0.135,0.012,1.0,-0.043,0.031,1.0,0.099,0.01,1.0,-0.269,0.028,1.0,"nan","nan","nan","nan","nan","nan","nan","nan","nan","nan","nan","nan","nan","nan","nan","nan","nan","nan","nan","nan","nan"
"Berkeley_53",8.99,547,313.978577,0.126682,51.056877,0.089044,0.219,0.11,-3.797,0.229,-5.681,0.21,3.954,1.072,-0.074,0.024,4.0,-0.054,0.047,3.0,0.177,0.011,3.0,-0.015,0.004,3.0,0.024,0.038,3.0,0.011,0.014,3.0,0.096,0.009,3.0,-0.009,0.02,3.0,0.023,0.044,1.0,"nan","nan","nan",0.033,0.004,3.0,-0.116,0.005,3.0,0.013,0.023,3.0,-0.022,0.035,3.0,"nan","nan","nan","nan","nan","nan","nan","nan","nan","nan","nan","nan","nan","nan","nan","nan","nan","nan","nan","nan","nan"
"Berkeley_66",9.49,31,46.015404,0.06384,58.733822,0.036667,0.147,0.084,-0.095,0.181,0.02,0.309,5.044,1.087,-0.216,0.017,2.0,"nan","nan","nan","nan","nan","nan","nan","nan","nan","nan","nan","nan","nan","nan","nan","nan","nan","nan","nan","nan","nan","nan","nan","nan","nan","nan","nan","nan","nan","nan","nan","nan","nan","nan","nan","nan","nan","nan","nan","nan","nan","nan","nan","nan","nan","nan","nan","nan","nan","nan","nan","nan","nan","nan","nan","nan","nan","nan","nan","nan"
"Berkeley_71",8.94,59,85.233345,0.067879,32.267975,0.052456,0.213,0.06,0.674,0.134,-1.623,0.095,4.131,0.787,-0.203,0.038,7.0,"nan","nan","nan",0.088,0.129,7.0,-0.008,0.017,7.0,-0.082,0.05,7.0,-0.045,0.016,7.0,0.057,0.053,7.0,0.077,0.045,7.0,"nan","nan","nan","nan","nan","nan",0.008,0.015,7.0,0.129,0.125,7.0,-0.019,0.025,7.0,0.091,0.091,7.0,"nan","nan","nan","nan","nan","nan","nan","nan","nan","nan","nan","nan","nan","nan","nan","nan","nan","nan","nan","nan","nan"
"Berkeley_73",9.15,48,95.520035,0.016442,-6.322125,0.024809,0.138,0.183,0.251,0.186,1.087,0.228,4.328,1.369,-0.319,0.058,1.0,0.343,0.101,1.0,0.101,0.037,1.0,-0.034,0.048,1.0,0.155,0.051,1.0,0.122,0.042,1.0,0.027,0.056,1.0,0.025,0.035,1.0,-0.024,0.078,1.0,-0.055,0.053,1.0,-0.147,0.05,1.0,-0.102,0.053,1.0,0.163,0.057,1.0,-0.026,0.042,1.0,-0.034,0.065,1.0,0.21,0.089,1.0,0.104,0.085,1.0,0.218,0.063,1.0,0.359,0.065,1.0,0.551,0.067,1.0,0.352,0.078,1.0
"Berkeley_78",9.59,116,110.911926,0.059387,5.369637,0.046714,0.189,0.087,-0.089,0.173,-1.237,0.145,4.556,0.999,"nan","nan","nan","nan","nan","nan","nan","nan","nan","nan","nan","nan","nan","nan","nan","nan","nan","nan","nan","nan","nan","nan","nan","nan","nan","nan","nan","nan","nan","nan","nan","nan","nan","nan","nan","nan","nan","nan","nan","nan","nan","nan","nan","nan","nan","nan","nan","nan","nan","nan","nan","nan","nan","nan","nan","nan","nan","nan","nan","nan","nan","nan","nan"
"Berkeley_9",9.14,144,53.166733,0.086096,52.649879,0.060444,0.506,0.089,1.531,0.186,0.03,0.187,1.992,0.364,-0.077,0.008,1.0,"nan","nan","nan",0.131,0.042,1.0,-0.048,0.011,1.0,0.087,0.019,1.0,-0.047,0.011,1.0,0.054,0.013,1.0,0.001,0.02,1.0,"nan","nan","nan","nan","nan","nan",0.025,0.015,1.0,-0.035,0.043,1.0,0.011,0.013,1.0,-0.02,0.036,1.0,"nan","nan","nan","nan","nan","nan","nan","nan","nan","nan","nan","nan","nan","nan","nan","nan","nan","nan","nan","nan","nan"
"Berkeley_98",9.39,147,340.663116,0.1247,52.405293,0.070325,0.255,0.06,-1.347,0.114,-3.202,0.105,3.78,0.706,-0.014,0.015,3.0,0.028,0.001,2.0,-0.04,0.017,3.0,-0.006,0.01,3.0,0.13,0.02,3.0,-0.014,0.008,3.0,0.077,0.004,3.0,-0.043,0.053,3.0,"nan","nan","nan","nan","nan","nan",0.017,0.005,3.0,0.034,0.033,3.0,0.034,0.004,3.0,0.016,0.132,3.0,"nan","nan","nan","nan","nan","nan","nan","nan","nan","nan","nan","nan","nan","nan","nan","nan","nan","nan","nan","nan","nan"
"Blanco_1",8.02,456,1.098585,119.408798,-29.953302,0.678561,4.191,0.14,18.729,0.441,2.63,0.417,0.24,0.008,-0.056,0.048,21.0,0.165,0.132,21.0,-0.072,0.055,21.0,-0.071,0.038,21.0,-0.075,0.034,20.0,-0.028,0.029,21.0,0.094,0.056,20.0,-0.007,0.043,21.0,-0.142,0.127,10.0,-0.046,0.047,21.0,-0.026,0.039,21.0,0.198,0.083,4.0,-0.082,0.078,21.0,-0.163,0.063,21.0,-0.03,0.054,20.0,0.124,0.093,21.0,0.063,0.178,4.0,0.324,0.055,20.0,0.4,0.082,2.0,0.926,0.13,1.0,"nan","nan","nan"
"COIN-Gaia_25",8.75,95,91.713226,0.25413,20.277161,0.314278,1.202,0.056,-0.494,0.146,-2.653,0.103,0.834,0.04,0.007,0.008,1.0,-0.223,0.016,1.0,0.129,0.038,1.0,-0.094,0.01,1.0,-0.021,0.018,1.0,-0.063,0.01,1.0,0.078,0.011,1.0,-0.038,0.017,1.0,"nan","nan","nan","nan","nan","nan",0.047,0.014,1.0,0.008,0.038,1.0,0.013,0.012,1.0,0.014,0.032,1.0,"nan","nan","nan","nan","nan","nan","nan","nan","nan","nan","nan","nan","nan","nan","nan","nan","nan","nan","nan","nan","nan"
"Collinder_135",7.42,525,109.322678,1.168639,-36.978382,1.243239,3.31,0.163,-9.97,0.468,6.184,0.418,0.303,0.016,-0.011,0.044,4.0,0.147,0.082,4.0,-0.067,0.032,4.0,-0.063,0.011,4.0,-0.02,0.027,4.0,-0.073,0.033,4.0,0.164,0.075,4.0,0.03,0.079,4.0,0.021,0.125,2.0,-0.015,0.038,4.0,0.019,0.073,4.0,"nan","nan","nan",-0.13,0.044,3.0,-0.162,0.025,4.0,0.019,0.073,4.0,0.221,0.105,4.0,0.306,0.121,1.0,0.338,0.041,4.0,0.634,0.101,1.0,"nan","nan","nan","nan","nan","nan"
"Collinder_220",8.37,133,156.431259,0.162266,-57.923744,0.095841,0.363,0.043,-7.355,0.094,2.684,0.097,2.751,0.322,-0.077,0.007,1.0,0.012,0.014,1.0,0.318,0.039,1.0,-0.012,0.01,1.0,-0.005,0.018,1.0,0.022,0.01,1.0,0.088,0.011,1.0,-0.031,0.017,1.0,"nan","nan","nan","nan","nan","nan",0.066,0.014,1.0,-0.054,0.037,1.0,-0.016,0.012,1.0,0.019,0.032,1.0,"nan","nan","nan","nan","nan","nan","nan","nan","nan","nan","nan","nan","nan","nan","nan","nan","nan","nan","nan","nan","nan"
"Collinder_261",9.8,1851,189.521637,0.230486,-68.376495,0.084223,0.316,0.088,-6.342,0.182,-2.71,0.174,3.117,0.74,0.04,0.107,2.0,"nan","nan","nan","nan","nan","nan","nan","nan","nan","nan","nan","nan","nan","nan","nan","nan","nan","nan","nan","nan","nan","nan","nan","nan","nan","nan","nan","nan","nan","nan","nan","nan","nan","nan","nan","nan","nan","nan","nan","nan","nan","nan","nan","nan","nan","nan","nan","nan","nan","nan","nan","nan","nan","nan","nan","nan","nan","nan","nan","nan"
"Collinder_359",7.57,340,270.595093,1.55546,3.285702,1.349075,1.795,0.113,0.643,0.239,-8.658,0.265,0.558,0.036,-0.034,0.012,1.0,"nan","nan","nan","nan","nan","nan","nan","nan","nan","nan","nan","nan","nan","nan","nan","nan","nan","nan","nan","nan","nan","nan","nan","nan","nan","nan","nan","nan","nan","nan","nan","nan","nan","nan","nan","nan","nan","nan","nan","nan","nan","nan","nan","nan","nan","nan","nan","nan","nan","nan","nan","nan","nan","nan","nan","nan","nan","nan","nan","nan"
"Collinder_69",7.1,766,83.789902,0.944601,9.816841,0.814238,2.464,0.133,1.162,0.53,-2.16,0.41,0.408,0.023,-0.113,0.092,36.0,0.414,0.16,10.0,0.091,0.161,6.0,-0.098,0.103,13.0,0.123,0.125,13.0,0.032,0.112,13.0,0.141,0.122,13.0,-0.076,0.139,12.0,-0.014,0.069,1.0,0.119,0.098,3.0,-0.065,0.124,13.0,-0.319,0.312,10.0,-0.119,0.043,11.0,0.169,0.167,12.0,-0.16,0.188,4.0,0.373,0.331,2.0,0.216,0.136,2.0,0.353,0.172,4.0,0.176,0.129,1.0,0.237,0.106,1.0,0.142,0.11,1.0
"Collinder_95",7.28,145,97.788918,0.127303,9.882621,0.181033,1.442,0.133,-2.284,0.339,-5.225,0.297,0.708,0.079,-0.133,0.013,1.0,"nan","nan","nan","nan","nan","nan","nan","nan","nan","nan","nan","nan","nan","nan","nan","nan","nan","nan","nan","nan","nan","nan","nan","nan","nan","nan","nan","nan","nan","nan","nan","nan","nan","nan","nan","nan","nan","nan","nan","nan","nan","nan","nan","nan","nan","nan","nan","nan","nan","nan","nan","nan","nan","nan","nan","nan","nan","nan","nan","nan"
"Czernik_18",8.72,45,66.963364,0.061505,30.938221,0.04234,0.734,0.072,1.843,0.232,-2.977,0.146,1.368,0.147,"nan","nan","nan","nan","nan","nan","nan","nan","nan","nan","nan","nan","nan","nan","nan","nan","nan","nan","nan","nan","nan","nan","nan","nan","nan","nan","nan","nan","nan","nan","nan","nan","nan","nan","nan","nan","nan","nan","nan","nan","nan","nan","nan","nan","nan","nan","nan","nan","nan","nan","nan","nan","nan","nan","nan","nan","nan","nan","nan","nan","nan","nan","nan"
"Czernik_20",9.22,35,80.127342,0.036924,39.543068,0.029503,0.267,0.042,0.632,0.082,-1.576,0.07,3.669,0.471,-0.146,0.002,2.0,"nan","nan","nan",0.037,0.03,2.0,-0.043,0.011,2.0,0.011,0.043,2.0,-0.02,0.004,2.0,0.095,0.0,2.0,-0.029,0.013,2.0,"nan","nan","nan","nan","nan","nan",-0.005,0.0,2.0,0.046,0.174,2.0,-0.025,0.023,2.0,-0.239,0.006,2.0,"nan","nan","nan","nan","nan","nan","nan","nan","nan","nan","nan","nan","nan","nan","nan","nan","nan","nan","nan","nan","nan"
"Czernik_21",9.41,125,81.675674,0.055509,36.013355,0.0558,0.22,0.125,2.274,0.208,-0.914,0.179,3.804,1.088,-0.322,0.006,2.0,0.172,0.102,2.0,0.096,0.041,2.0,-0.032,0.003,2.0,0.032,0.041,2.0,-0.032,0.014,2.0,0.148,0.026,2.0,0.052,0.02,2.0,"nan","nan","nan","nan","nan","nan",0.026,0.002,2.0,0.04,0.196,2.0,0.009,0.006,2.0,-0.072,0.006,2.0,"nan","nan","nan","nan","nan","nan","nan","nan","nan","nan","nan","nan","nan","nan","nan","nan","nan","nan","nan","nan","nan"
"Czernik_23",8.43,108,87.524399,0.058764,28.896927,0.050476,0.247,0.108,0.058,0.186,-1.791,0.163,3.788,1.165,-0.28,0.01,1.0,"nan","nan","nan",0.252,0.051,1.0,0.016,0.013,1.0,-0.123,0.021,1.0,-0.044,0.013,1.0,0.101,0.016,1.0,0.01,0.026,1.0,"nan","nan","nan","nan","nan","nan",0.054,0.02,1.0,0.006,0.053,1.0,-0.054,0.016,1.0,-0.064,0.045,1.0,"nan","nan","nan","nan","nan","nan","nan","nan","nan","nan","nan","nan","nan","nan","nan","nan","nan","nan","nan","nan","nan"
"Czernik_30",9.46,87,112.794678,0.029399,-9.945329,0.031408,0.1,0.079,-0.638,0.177,-0.125,0.174,5.467,1.475,-0.396,0.006,2.0,0.222,0.019,1.0,0.005,0.064,1.0,-0.02,0.017,1.0,0.232,0.029,1.0,0.01,0.016,1.0,0.107,0.022,1.0,-0.003,0.028,1.0,0.355,0.077,1.0,"nan","nan","nan",-0.034,0.027,1.0,0.017,0.061,1.0,0.062,0.022,1.0,0.086,0.057,1.0,"nan","nan","nan","nan","nan","nan","nan","nan","nan","nan","nan","nan","nan","nan","nan","nan","nan","nan","nan","nan","nan"
"Czernik_6",7.45,26,30.530767,0.084615,62.837524,0.028258,0.372,0.038,-1.134,0.066,-0.146,0.096,2.687,0.302,-0.134,0.012,1.0,-0.007,0.027,1.0,-0.024,0.063,1.0,0.019,0.016,1.0,0.217,0.031,1.0,-0.031,0.016,1.0,0.092,0.021,1.0,0.044,0.031,1.0,"nan","nan","nan","nan","nan","nan",-0.001,0.025,1.0,0.345,0.069,1.0,0.036,0.021,1.0,0.133,0.057,1.0,"nan","nan","nan","nan","nan","nan","nan","nan","nan","nan","nan","nan","nan","nan","nan","nan","nan","nan","nan","nan","nan"
"Dolidze_16",7.22,51,78.621506,0.138401,32.687199,0.122385,0.752,0.082,-0.054,0.215,-2.663,0.197,1.335,0.149,"nan","nan","nan","nan","nan","nan","nan","nan","nan","nan","nan","nan","nan","nan","nan","nan","nan","nan","nan","nan","nan","nan","nan","nan","nan","nan","nan","nan","nan","nan","nan","nan","nan","nan","nan","nan","nan","nan","nan","nan","nan","nan","nan","nan","nan","nan","nan","nan","nan","nan","nan","nan","nan","nan","nan","nan","nan","nan","nan","nan","nan","nan","nan"
"FSR_0306",8.71,80,322.1297,0.11857,51.696251,0.078015,0.355,0.049,-2.11,0.097,-2.56,0.112,2.807,0.393,0.15,0.007,1.0,-0.078,0.011,1.0,0.261,0.032,1.0,-0.035,0.009,1.0,0.123,0.017,1.0,-0.018,0.009,1.0,0.157,0.009,1.0,-0.035,0.013,1.0,0.235,0.039,1.0,"nan","nan","nan",0.123,0.011,1.0,-0.016,0.03,1.0,0.154,0.01,1.0,-0.036,0.026,1.0,"nan","nan","nan","nan","nan","nan","nan","nan","nan","nan","nan","nan","nan","nan","nan","nan","nan","nan","nan","nan","nan"
"FSR_0494",8.95,38,6.408727,0.095158,63.756081,0.054254,0.212,0.045,-2.518,0.071,-0.823,0.054,4.452,0.735,"nan","nan","nan","nan","nan","nan","nan","nan","nan","nan","nan","nan","nan","nan","nan","nan","nan","nan","nan","nan","nan","nan","nan","nan","nan","nan","nan","nan","nan","nan","nan","nan","nan","nan","nan","nan","nan","nan","nan","nan","nan","nan","nan","nan","nan","nan","nan","nan","nan","nan","nan","nan","nan","nan","nan","nan","nan","nan","nan","nan","nan","nan","nan"
"FSR_0496",9.31,127,6.657134,0.150844,64.008568,0.055209,0.65,0.053,2.24,0.108,-0.609,0.111,1.542,0.13,-0.096,0.008,1.0,-0.119,0.017,1.0,0.113,0.042,1.0,-0.016,0.011,1.0,0.025,0.018,1.0,-0.035,0.011,1.0,0.098,0.012,1.0,-0.002,0.019,1.0,"nan","nan","nan","nan","nan","nan",-0.022,0.015,1.0,-0.084,0.041,1.0,-0.002,0.013,1.0,-0.103,0.035,1.0,"nan","nan","nan","nan","nan","nan","nan","nan","nan","nan","nan","nan","nan","nan","nan","nan","nan","nan","nan","nan","nan"
"FSR_0667",8.85,37,61.77063,0.099381,51.144394,0.045747,0.837,0.053,0.899,0.175,-3.794,0.276,1.197,0.075,-0.014,0.009,2.0,"nan","nan","nan",0.125,0.027,2.0,-0.048,0.008,2.0,0.007,0.005,2.0,-0.019,0.008,2.0,0.089,0.012,2.0,-0.065,0.008,2.0,"nan","nan","nan","nan","nan","nan",0.037,0.009,2.0,-0.032,0.031,2.0,-0.006,0.002,2.0,-0.058,0.051,2.0,"nan","nan","nan","nan","nan","nan","nan","nan","nan","nan","nan","nan","nan","nan","nan","nan","nan","nan","nan","nan","nan"
"FSR_0716",8.94,86,77.784592,0.067671,45.718472,0.055176,0.254,0.077,-0.272,0.127,-1.624,0.103,3.689,0.814,-0.321,0.012,1.0,"nan","nan","nan",0.172,0.064,1.0,-0.003,0.016,1.0,-0.022,0.028,1.0,-0.034,0.016,1.0,0.081,0.022,1.0,0.061,0.035,1.0,"nan","nan","nan","nan","nan","nan",-0.058,0.027,1.0,0.328,0.072,1.0,-0.015,0.021,1.0,-0.06,0.059,1.0,"nan","nan","nan","nan","nan","nan","nan","nan","nan","nan","nan","nan","nan","nan","nan","nan","nan","nan","nan","nan","nan"
"FSR_0941",8.67,57,95.441643,0.051634,15.775122,0.049566,0.181,0.133,0.851,0.272,0.159,0.153,4.443,1.117,-0.277,0.01,1.0,-0.069,0.023,1.0,-0.065,0.059,1.0,-0.003,0.015,1.0,-0.045,0.025,1.0,-0.044,0.014,1.0,0.094,0.019,1.0,0.089,0.028,1.0,"nan","nan","nan","nan","nan","nan",-0.014,0.023,1.0,-0.067,0.061,1.0,-0.032,0.019,1.0,0.03,0.052,1.0,"nan","nan","nan","nan","nan","nan","nan","nan","nan","nan","nan","nan","nan","nan","nan","nan","nan","nan","nan","nan","nan"
"FSR_0942",8.86,145,91.487564,0.078651,13.669206,0.062347,0.273,0.093,-0.421,0.178,0.081,0.154,3.516,0.84,-0.276,0.01,1.0,"nan","nan","nan",0.204,0.053,1.0,0.01,0.013,1.0,-0.052,0.022,1.0,-0.053,0.013,1.0,0.081,0.017,1.0,0.014,0.027,1.0,"nan","nan","nan","nan","nan","nan",-0.019,0.021,1.0,0.08,0.055,1.0,-0.063,0.017,1.0,0.02,0.046,1.0,"nan","nan","nan","nan","nan","nan","nan","nan","nan","nan","nan","nan","nan","nan","nan","nan","nan","nan","nan","nan","nan"
"FSR_1083",9.3,96,110.502823,0.037742,3.55773,0.035255,0.179,0.09,-0.339,0.189,0.263,0.194,4.391,1.008,-0.256,0.008,1.0,"nan","nan","nan","nan","nan","nan","nan","nan","nan","nan","nan","nan","nan","nan","nan","nan","nan","nan","nan","nan","nan","nan","nan","nan","nan","nan","nan","nan","nan","nan","nan","nan","nan","nan","nan","nan","nan","nan","nan","nan","nan","nan","nan","nan","nan","nan","nan","nan","nan","nan","nan","nan","nan","nan","nan","nan","nan","nan","nan","nan"
"FSR_1113",9.44,20,107.303085,0.02844,-1.503964,0.026499,0.27,0.049,-0.566,0.081,1.858,0.085,3.548,0.526,-0.297,0.012,1.0,-0.074,0.027,1.0,0.101,0.065,1.0,-0.049,0.016,1.0,0.023,0.029,1.0,0.031,0.016,1.0,0.076,0.022,1.0,0.01,0.032,1.0,"nan","nan","nan","nan","nan","nan",-0.048,0.026,1.0,"nan","nan","nan",-0.028,0.021,1.0,-0.011,0.059,1.0,"nan","nan","nan","nan","nan","nan","nan","nan","nan","nan","nan","nan","nan","nan","nan","nan","nan","nan","nan","nan","nan"
"FSR_1595",8.84,39,176.770233,0.042176,-62.639523,0.02265,0.178,0.052,-6.796,0.126,1.389,0.114,4.761,0.812,0.128,0.009,1.0,-0.153,0.018,1.0,0.116,0.045,1.0,-0.045,0.012,1.0,0.051,0.025,1.0,-0.034,0.012,1.0,0.095,0.013,1.0,-0.045,0.021,1.0,"nan","nan","nan","nan","nan","nan",0.056,0.016,1.0,-0.109,0.046,1.0,0.105,0.014,1.0,0.099,0.039,1.0,"nan","nan","nan","nan","nan","nan","nan","nan","nan","nan","nan","nan","nan","nan","nan","nan","nan","nan","nan","nan","nan"
"Gulliver_13",9.0,75,104.85656,0.135394,-13.252586,0.119975,0.622,0.06,-2.93,0.135,0.301,0.13,1.614,0.177,"nan","nan","nan","nan","nan","nan","nan","nan","nan","nan","nan","nan","nan","nan","nan","nan","nan","nan","nan","nan","nan","nan","nan","nan","nan","nan","nan","nan","nan","nan","nan","nan","nan","nan","nan","nan","nan","nan","nan","nan","nan","nan","nan","nan","nan","nan","nan","nan","nan","nan","nan","nan","nan","nan","nan","nan","nan","nan","nan","nan","nan","nan","nan"
"Gulliver_29",7.03,522,256.749146,0.630078,-35.196953,0.770685,0.899,0.062,1.314,0.172,-2.19,0.178,1.119,0.078,"nan","nan","nan","nan","nan","nan","nan","nan","nan","nan","nan","nan","nan","nan","nan","nan","nan","nan","nan","nan","nan","nan","nan","nan","nan","nan","nan","nan","nan","nan","nan","nan","nan","nan","nan","nan","nan","nan","nan","nan","nan","nan","nan","nan","nan","nan","nan","nan","nan","nan","nan","nan","nan","nan","nan","nan","nan","nan","nan","nan","nan","nan","nan"
"Gulliver_6",7.22,410,83.272156,0.454174,-1.659086,0.502717,2.367,0.129,-0.008,0.447,-0.276,0.37,0.423,0.024,-0.098,0.058,21.0,0.452,0.322,5.0,-0.068,0.062,4.0,-0.07,0.103,10.0,-0.077,0.128,10.0,0.033,0.144,10.0,0.116,0.167,10.0,-0.047,0.183,7.0,-0.066,0.246,3.0,0.003,0.13,3.0,-0.036,0.107,10.0,-0.036,0.432,9.0,-0.138,0.038,10.0,0.027,0.198,8.0,0.088,0.106,2.0,0.305,0.194,2.0,"nan","nan","nan",0.49,0.039,4.0,0.749,0.129,1.0,"nan","nan","nan",0.599,0.142,4.0
"Gulliver_9",7.25,342,126.924622,1.092265,-47.921585,0.750075,1.98,0.113,-5.974,0.303,6.896,0.376,0.507,0.029,"nan","nan","nan","nan","nan","nan","nan","nan","nan","nan","nan","nan","nan","nan","nan","nan","nan","nan","nan","nan","nan","nan","nan","nan","nan","nan","nan","nan","nan","nan","nan","nan","nan","nan","nan","nan","nan","nan","nan","nan","nan","nan","nan","nan","nan","nan","nan","nan","nan","nan","nan","nan","nan","nan","nan","nan","nan","nan","nan","nan","nan","nan","nan"
"Haffner_4",8.66,62,106.512543,0.037071,-15.001972,0.03959,0.225,0.063,-0.393,0.1,0.902,0.109,4.061,0.964,-0.164,0.014,1.0,"nan","nan","nan",-0.058,0.07,1.0,-0.046,0.018,1.0,0.003,0.037,1.0,-0.091,0.019,1.0,0.028,0.025,1.0,0.021,0.04,1.0,"nan","nan","nan","nan","nan","nan",0.035,0.03,1.0,"nan","nan","nan",-0.023,0.025,1.0,0.092,0.066,1.0,"nan","nan","nan","nan","nan","nan","nan","nan","nan","nan","nan","nan","nan","nan","nan","nan","nan","nan","nan","nan","nan"
"IC_1369",8.46,193,318.032684,0.067473,47.769474,0.04305,0.261,0.062,-4.649,0.149,-5.605,0.131,3.672,0.734,-0.059,0.016,2.0,-0.172,0.033,2.0,0.069,0.104,2.0,-0.045,0.008,2.0,-0.099,0.013,2.0,-0.047,0.005,2.0,0.075,0.037,2.0,-0.078,0.018,2.0,"nan","nan","nan","nan","nan","nan",0.047,0.009,2.0,-0.082,0.016,2.0,-0.03,0.002,2.0,0.024,0.035,2.0,"nan","nan","nan","nan","nan","nan","nan","nan","nan","nan","nan","nan","nan","nan","nan","nan","nan","nan","nan","nan","nan"
"IC_166",9.12,713,28.093233,0.129064,61.856766,0.056544,0.174,0.081,-1.449,0.125,1.148,0.154,4.773,1.151,-0.093,0.021,5.0,0.034,0.019,1.0,0.125,0.187,4.0,-0.005,0.037,4.0,0.089,0.129,4.0,-0.017,0.039,4.0,0.094,0.046,4.0,0.017,0.163,4.0,"nan","nan","nan","nan","nan","nan",0.03,0.025,4.0,0.057,0.234,4.0,0.018,0.034,4.0,0.05,0.248,4.0,"nan","nan","nan","nan","nan","nan","nan","nan","nan","nan","nan","nan","nan","nan","nan","nan","nan","nan","nan","nan","nan"
"IC_1848",7.2,433,42.838295,0.328394,60.420971,0.15827,0.413,0.057,-0.341,0.154,-0.313,0.181,2.427,0.366,-0.022,0.083,2.0,"nan","nan","nan",-0.062,0.141,2.0,-0.051,0.01,2.0,-0.013,0.048,2.0,-0.057,0.008,2.0,0.043,0.027,2.0,-0.071,0.02,2.0,"nan","nan","nan","nan","nan","nan",0.023,0.013,2.0,-0.003,0.045,2.0,0.012,0.05,2.0,-0.117,0.092,2.0,"nan","nan","nan","nan","nan","nan","nan","nan","nan","nan","nan","nan","nan","nan","nan","nan","nan","nan","nan","nan","nan"
"IC_2602",7.56,402,160.55188,3.22464,-64.381134,1.223675,6.547,0.325,-17.622,0.923,10.62,0.914,0.153,0.009,-0.035,0.136,9.0,0.195,0.18,8.0,-0.023,0.091,8.0,-0.023,0.055,8.0,-0.04,0.1,7.0,-0.013,0.047,7.0,0.151,0.119,8.0,-0.03,0.077,7.0,0.066,0.251,5.0,-0.019,0.061,7.0,0.035,0.054,8.0,-0.21,0.082,1.0,0.049,0.109,6.0,-0.147,0.043,6.0,-0.031,0.099,8.0,0.165,0.11,8.0,0.005,0.088,1.0,0.335,0.14,7.0,0.401,0.1,1.0,"nan","nan","nan","nan","nan","nan"
"IC_348",7.07,143,56.128418,0.097172,32.160973,0.08179,3.081,0.158,4.347,0.616,-6.563,0.598,0.327,0.017,-0.035,0.008,1.0,0.434,0.011,1.0,"nan","nan","nan",-0.063,0.01,1.0,0.074,0.016,1.0,0.075,0.008,1.0,0.16,0.01,1.0,-0.132,0.02,1.0,"nan","nan","nan","nan","nan","nan",-0.16,0.018,1.0,-0.154,0.102,1.0,-0.138,0.016,1.0,0.091,0.046,1.0,"nan","nan","nan","nan","nan","nan","nan","nan","nan","nan","nan","nan","nan","nan","nan","nan","nan","nan","nan","nan","nan"
"IC_4665",7.52,195,266.553833,0.567579,5.608076,0.417594,2.861,0.159,-0.905,0.313,-8.48,0.316,0.351,0.021,-0.034,0.078,13.0,0.282,0.188,13.0,-0.022,0.071,13.0,-0.046,0.042,13.0,-0.034,0.06,13.0,-0.035,0.083,12.0,0.222,0.041,13.0,-0.05,0.066,11.0,-0.042,0.135,5.0,0.018,0.039,11.0,0.06,0.075,13.0,"nan","nan","nan",-0.176,0.049,8.0,-0.265,0.053,8.0,0.085,0.157,13.0,0.293,0.162,13.0,0.183,0.167,3.0,0.372,0.163,12.0,0.486,0.045,2.0,"nan","nan","nan","nan","nan","nan"
"IC_4725",8.05,517,277.937561,0.250243,-19.111547,0.274498,1.51,0.068,-1.681,0.212,-6.113,0.242,0.663,0.03,"nan","nan","nan","nan","nan","nan","nan","nan","nan","nan","nan","nan","nan","nan","nan","nan","nan","nan","nan","nan","nan","nan","nan","nan","nan","nan","nan","nan","nan","nan","nan","nan","nan","nan","nan","nan","nan","nan","nan","nan","nan","nan","nan","nan","nan","nan","nan","nan","nan","nan","nan","nan","nan","nan","nan","nan","nan","nan","nan","nan","nan","nan","nan"
"King_1",9.56,641,5.505835,0.352657,64.382286,0.155307,0.522,0.07,-4.954,0.159,-1.274,0.144,1.932,0.286,-0.06,0.007,1.0,-0.001,0.014,1.0,0.569,0.038,1.0,-0.041,0.01,1.0,0.054,0.017,1.0,-0.01,0.01,1.0,0.072,0.011,1.0,-0.079,0.016,1.0,0.256,0.046,1.0,"nan","nan","nan",0.013,0.013,1.0,-0.119,0.036,1.0,-0.009,0.012,1.0,0.045,0.032,1.0,"nan","nan","nan","nan","nan","nan","nan","nan","nan","nan","nan","nan","nan","nan","nan","nan","nan","nan","nan","nan","nan"
"King_15",8.47,85,8.267675,0.092538,61.852516,0.035386,0.315,0.06,-2.325,0.129,-0.809,0.133,3.15,0.566,-0.032,0.055,2.0,-0.245,0.016,1.0,-0.236,0.002,2.0,-0.045,0.007,2.0,-0.048,0.001,2.0,-0.063,0.008,2.0,0.075,0.035,2.0,-0.003,0.045,2.0,"nan","nan","nan","nan","nan","nan",0.028,0.01,2.0,-0.094,0.058,2.0,-0.029,0.017,2.0,0.025,0.07,2.0,"nan","nan","nan","nan","nan","nan","nan","nan","nan","nan","nan","nan","nan","nan","nan","nan","nan","nan","nan","nan","nan"
"King_2",9.61,131,12.740755,0.099155,58.18829,0.048687,0.15,0.106,-1.351,0.123,-0.828,0.144,4.653,1.309,-0.359,0.009,1.0,"nan","nan","nan","nan","nan","nan","nan","nan","nan","nan","nan","nan","nan","nan","nan","nan","nan","nan","nan","nan","nan","nan","nan","nan","nan","nan","nan","nan","nan","nan","nan","nan","nan","nan","nan","nan","nan","nan","nan","nan","nan","nan","nan","nan","nan","nan","nan","nan","nan","nan","nan","nan","nan","nan","nan","nan","nan","nan","nan","nan"
"King_21",7.99,112,357.47821,0.087719,62.704865,0.038765,0.312,0.046,-3.261,0.106,-1.675,0.14,3.195,0.436,"nan","nan","nan","nan","nan","nan","nan","nan","nan","nan","nan","nan","nan","nan","nan","nan","nan","nan","nan","nan","nan","nan","nan","nan","nan","nan","nan","nan","nan","nan","nan","nan","nan","nan","nan","nan","nan","nan","nan","nan","nan","nan","nan","nan","nan","nan","nan","nan","nan","nan","nan","nan","nan","nan","nan","nan","nan","nan","nan","nan","nan","nan","nan"
"King_5",9.01,242,48.682098,0.156671,52.692329,0.092618,0.37,0.053,-0.277,0.154,-1.187,0.146,2.702,0.379,-0.126,0.016,3.0,"nan","nan","nan",0.093,0.005,2.0,-0.016,0.006,2.0,0.042,0.024,2.0,-0.015,0.009,2.0,0.046,0.058,2.0,0.017,0.006,2.0,"nan","nan","nan","nan","nan","nan",0.024,0.002,2.0,0.102,0.049,2.0,0.003,0.015,2.0,0.047,0.015,2.0,"nan","nan","nan","nan","nan","nan","nan","nan","nan","nan","nan","nan","nan","nan","nan","nan","nan","nan","nan","nan","nan"
"King_7",8.35,357,59.783024,0.097651,51.784637,0.064103,0.277,0.088,1.13,0.219,-1.188,0.179,3.447,0.774,-0.155,0.024,2.0,0.043,0.014,1.0,0.121,0.041,1.0,-0.029,0.011,1.0,-0.047,0.017,1.0,0.003,0.01,1.0,0.094,0.012,1.0,-0.012,0.017,1.0,0.11,0.048,1.0,"nan","nan","nan",0.033,0.015,1.0,-0.151,0.037,1.0,-0.031,0.012,1.0,0.008,0.034,1.0,"nan","nan","nan","nan","nan","nan","nan","nan","nan","nan","nan","nan","nan","nan","nan","nan","nan","nan","nan","nan","nan"
"King_8",8.92,86,87.323929,0.036459,33.632835,0.030436,0.114,0.091,0.525,0.152,-1.757,0.127,5.108,1.138,"nan","nan","nan","nan","nan","nan","nan","nan","nan","nan","nan","nan","nan","nan","nan","nan","nan","nan","nan","nan","nan","nan","nan","nan","nan","nan","nan","nan","nan","nan","nan","nan","nan","nan","nan","nan","nan","nan","nan","nan","nan","nan","nan","nan","nan","nan","nan","nan","nan","nan","nan","nan","nan","nan","nan","nan","nan","nan","nan","nan","nan","nan","nan"
"Koposov_36",8.63,71,84.217567,0.069377,31.216112,0.089965,0.552,0.063,0.811,0.117,-3.642,0.116,1.824,0.222,"nan","nan","nan","nan","nan","nan","nan","nan","nan","nan","nan","nan","nan","nan","nan","nan","nan","nan","nan","nan","nan","nan","nan","nan","nan","nan","nan","nan","nan","nan","nan","nan","nan","nan","nan","nan","nan","nan","nan","nan","nan","nan","nan","nan","nan","nan","nan","nan","nan","nan","nan","nan","nan","nan","nan","nan","nan","nan","nan","nan","nan","nan","nan"
"Koposov_63",9.29,46,92.498962,0.047422,24.568096,0.04526,0.221,0.066,0.561,0.135,-0.487,0.113,4.184,0.914,-0.579,0.01,1.0,"nan","nan","nan","nan","nan","nan","nan","nan","nan","nan","nan","nan","nan","nan","nan","nan","nan","nan","nan","nan","nan","nan","nan","nan","nan","nan","nan","nan","nan","nan","nan","nan","nan","nan","nan","nan","nan","nan","nan","nan","nan","nan","nan","nan","nan","nan","nan","nan","nan","nan","nan","nan","nan","nan","nan","nan","nan","nan","nan","nan"
"FoF_5, LP_5",9.43,436,156.207901,1.379227,-72.527069,0.437971,0.51,0.039,-6.879,0.105,1.449,0.205,1.964,0.148,"nan","nan","nan","nan","nan","nan","nan","nan","nan","nan","nan","nan","nan","nan","nan","nan","nan","nan","nan","nan","nan","nan","nan","nan","nan","nan","nan","nan","nan","nan","nan","nan","nan","nan","nan","nan","nan","nan","nan","nan","nan","nan","nan","nan","nan","nan","nan","nan","nan","nan","nan","nan","nan","nan","nan","nan","nan","nan","nan","nan","nan","nan","nan"
"Mamajek_4",8.57,256,276.669067,1.468034,-50.772545,1.447392,2.227,0.092,4.621,0.591,-21.033,0.873,0.45,0.019,"nan","nan","nan","nan","nan","nan","nan","nan","nan","nan","nan","nan","nan","nan","nan","nan","nan","nan","nan","nan","nan","nan","nan","nan","nan","nan","nan","nan","nan","nan","nan","nan","nan","nan","nan","nan","nan","nan","nan","nan","nan","nan","nan","nan","nan","nan","nan","nan","nan","nan","nan","nan","nan","nan","nan","nan","nan","nan","nan","nan","nan","nan","nan"
"Melotte_101",8.22,512,160.542969,0.290852,-65.112259,0.116572,0.443,0.048,-6.316,0.125,3.482,0.112,2.267,0.24,-0.015,0.043,1.0,"nan","nan","nan","nan","nan","nan","nan","nan","nan","nan","nan","nan","nan","nan","nan","nan","nan","nan","nan","nan","nan","nan","nan","nan","nan","nan","nan","nan","nan","nan","nan","nan","nan","nan","nan","nan","nan","nan","nan","nan","nan","nan","nan","nan","nan","nan","nan","nan","nan","nan","nan","nan","nan","nan","nan","nan","nan","nan","nan","nan"
"Melotte_111",8.81,166,186.034546,4.09146,25.70122,2.83422,11.595,0.671,-12.027,0.819,-8.979,1.012,0.087,0.006,-0.002,0.036,13.0,0.406,0.099,4.0,"nan","nan","nan",-0.04,0.076,12.0,-0.058,0.032,12.0,-0.076,0.043,12.0,0.074,0.048,12.0,0.082,0.083,9.0,0.022,0.022,3.0,"nan","nan","nan",-0.064,0.044,12.0,0.267,0.28,11.0,-0.118,0.015,12.0,-0.146,0.08,9.0,"nan","nan","nan","nan","nan","nan","nan","nan","nan","nan","nan","nan","nan","nan","nan","nan","nan","nan","nan","nan","nan"
"Melotte_20",7.71,920,51.616974,3.178261,48.963959,2.286023,5.69,0.244,22.863,1.282,-25.49,1.363,0.177,0.008,-0.013,0.055,34.0,0.413,0.105,11.0,"nan","nan","nan",-0.04,0.067,27.0,-0.001,0.073,27.0,-0.017,0.081,27.0,0.064,0.091,27.0,0.009,0.18,22.0,0.058,0.083,10.0,"nan","nan","nan",-0.053,0.078,27.0,0.06,0.191,22.0,-0.102,0.025,27.0,-0.073,0.129,24.0,"nan","nan","nan","nan","nan","nan","nan","nan","nan","nan","nan","nan","nan","nan","nan","nan","nan","nan","nan","nan","nan"
"Melotte_22",7.89,1077,56.589062,1.212658,24.114119,1.20972,7.353,0.2,19.998,1.076,-45.53,1.148,0.135,0.004,-0.01,0.049,168.0,0.194,0.189,69.0,-0.012,0.095,41.0,-0.028,0.068,105.0,-0.043,0.054,104.0,-0.05,0.065,105.0,0.093,0.088,103.0,0.046,0.105,93.0,0.074,0.119,45.0,0.02,0.074,31.0,-0.024,0.073,105.0,0.079,0.325,98.0,-0.096,0.046,103.0,-0.06,0.158,97.0,-0.07,0.146,38.0,0.179,0.124,36.0,0.124,0.134,7.0,0.131,0.166,41.0,0.456,0.229,3.0,0.641,0.05,2.0,"nan","nan","nan"
"Melotte_25",8.9,673,67.640602,5.584486,16.72147,5.174131,20.94,2.584,101.611,25.358,-26.684,15.766,0.048,0.006,0.145,0.063,34.0,-0.026,0.157,20.0,-0.068,0.106,21.0,-0.046,0.071,26.0,-0.015,0.047,25.0,-0.078,0.086,26.0,0.093,0.091,25.0,-0.034,0.118,26.0,0.0,0.209,20.0,-0.027,0.07,20.0,0.031,0.05,26.0,-0.058,0.13,24.0,-0.069,0.032,26.0,-0.107,0.054,25.0,-0.115,0.077,13.0,0.088,0.266,21.0,0.045,0.203,15.0,0.052,0.06,20.0,0.203,0.277,11.0,0.422,0.525,4.0,"nan","nan","nan"
"Melotte_71",8.99,540,114.383942,0.073651,-12.064095,0.077215,0.435,0.057,-2.454,0.125,4.206,0.129,2.307,0.294,-0.137,0.019,5.0,-0.006,0.013,1.0,0.083,0.092,5.0,-0.056,0.01,5.0,0.018,0.024,5.0,-0.027,0.018,5.0,0.066,0.016,5.0,-0.004,0.019,5.0,0.207,0.047,1.0,"nan","nan","nan",0.02,0.016,5.0,-0.007,0.087,5.0,-0.008,0.012,5.0,-0.024,0.095,5.0,"nan","nan","nan","nan","nan","nan","nan","nan","nan","nan","nan","nan","nan","nan","nan","nan","nan","nan","nan","nan","nan"
"NGC_1027",8.29,387,40.676502,0.412318,61.61639,0.184763,0.882,0.057,-1.748,0.161,2.117,0.2,1.14,0.082,"nan","nan","nan","nan","nan","nan","nan","nan","nan","nan","nan","nan","nan","nan","nan","nan","nan","nan","nan","nan","nan","nan","nan","nan","nan","nan","nan","nan","nan","nan","nan","nan","nan","nan","nan","nan","nan","nan","nan","nan","nan","nan","nan","nan","nan","nan","nan","nan","nan","nan","nan","nan","nan","nan","nan","nan","nan","nan","nan","nan","nan","nan","nan"
"NGC_1193",9.71,215,46.486046,0.039845,44.383205,0.029552,0.174,0.135,-0.105,0.339,-0.355,0.275,4.065,1.209,-0.32,0.012,1.0,0.181,0.021,1.0,-0.036,0.065,1.0,0.069,0.017,1.0,0.284,0.03,1.0,0.067,0.016,1.0,0.129,0.022,1.0,0.171,0.029,1.0,0.051,0.082,1.0,"nan","nan","nan",-0.032,0.027,1.0,-0.03,0.064,1.0,0.067,0.022,1.0,0.099,0.058,1.0,"nan","nan","nan","nan","nan","nan","nan","nan","nan","nan","nan","nan","nan","nan","nan","nan","nan","nan","nan","nan","nan"
"NGC_1245",9.08,452,48.68924,0.173375,47.235226,0.104617,0.286,0.05,0.502,0.11,-1.576,0.088,3.441,0.55,-0.079,0.021,24.0,0.087,0.011,1.0,0.117,0.136,24.0,-0.035,0.026,24.0,0.01,0.04,23.0,-0.062,0.015,23.0,0.033,0.032,24.0,-0.02,0.043,24.0,0.222,0.042,1.0,"nan","nan","nan",0.031,0.023,24.0,0.105,0.163,21.0,0.001,0.017,24.0,-0.116,0.102,24.0,"nan","nan","nan","nan","nan","nan","nan","nan","nan","nan","nan","nan","nan","nan","nan","nan","nan","nan","nan","nan","nan"
"NGC_1333",7.06,54,52.297009,0.140273,31.309998,0.091854,3.305,0.284,7.352,0.816,-9.962,0.583,0.303,0.032,"nan","nan","nan","nan","nan","nan","nan","nan","nan","nan","nan","nan","nan","nan","nan","nan","nan","nan","nan","nan","nan","nan","nan","nan","nan","nan","nan","nan","nan","nan","nan","nan","nan","nan","nan","nan","nan","nan","nan","nan","nan","nan","nan","nan","nan","nan","nan","nan","nan","nan","nan","nan","nan","nan","nan","nan","nan","nan","nan","nan","nan","nan","nan"
"NGC_136",8.41,78,7.895117,0.06937,61.507198,0.042521,0.184,0.056,-1.629,0.088,-0.513,0.087,4.86,1.07,-0.23,0.009,1.0,"nan","nan","nan",-0.062,0.047,1.0,-0.029,0.012,1.0,-0.106,0.02,1.0,-0.056,0.012,1.0,0.048,0.015,1.0,0.128,0.023,1.0,"nan","nan","nan","nan","nan","nan",0.039,0.018,1.0,0.113,0.049,1.0,-0.053,0.015,1.0,0.264,0.041,1.0,"nan","nan","nan","nan","nan","nan","nan","nan","nan","nan","nan","nan","nan","nan","nan","nan","nan","nan","nan","nan","nan"
"NGC_1647",8.56,606,71.483093,0.483126,19.085285,0.42708,1.676,0.084,-1.046,0.275,-1.52,0.261,0.6,0.031,"nan","nan","nan","nan","nan","nan","nan","nan","nan","nan","nan","nan","nan","nan","nan","nan","nan","nan","nan","nan","nan","nan","nan","nan","nan","nan","nan","nan","nan","nan","nan","nan","nan","nan","nan","nan","nan","nan","nan","nan","nan","nan","nan","nan","nan","nan","nan","nan","nan","nan","nan","nan","nan","nan","nan","nan","nan","nan","nan","nan","nan","nan","nan"
"NGC_1664",8.71,311,72.759315,0.133553,43.676826,0.095493,0.732,0.072,1.725,0.246,-5.721,0.171,1.377,0.147,-0.031,0.008,1.0,"nan","nan","nan",0.135,0.042,1.0,-0.075,0.011,1.0,-0.02,0.02,1.0,-0.025,0.011,1.0,0.029,0.013,1.0,-0.023,0.021,1.0,"nan","nan","nan","nan","nan","nan",0.038,0.015,1.0,0.113,0.043,1.0,0.022,0.013,1.0,-0.058,0.036,1.0,"nan","nan","nan","nan","nan","nan","nan","nan","nan","nan","nan","nan","nan","nan","nan","nan","nan","nan","nan","nan","nan"
"NGC_1750",8.41,425,75.939613,0.515559,23.690382,0.462275,1.359,0.098,-0.939,0.258,-2.386,0.212,0.741,0.057,"nan","nan","nan","nan","nan","nan","nan","nan","nan","nan","nan","nan","nan","nan","nan","nan","nan","nan","nan","nan","nan","nan","nan","nan","nan","nan","nan","nan","nan","nan","nan","nan","nan","nan","nan","nan","nan","nan","nan","nan","nan","nan","nan","nan","nan","nan","nan","nan","nan","nan","nan","nan","nan","nan","nan","nan","nan","nan","nan","nan","nan","nan","nan"
"NGC_1798",9.22,184,77.91452,0.062609,47.689835,0.03784,0.18,0.067,0.913,0.141,-0.301,0.127,4.788,1.114,-0.267,0.007,6.0,0.096,0.041,5.0,0.243,0.051,5.0,0.019,0.006,5.0,0.072,0.024,5.0,0.012,0.021,5.0,0.132,0.014,5.0,0.018,0.029,5.0,0.103,0.09,5.0,"nan","nan","nan",-0.013,0.009,5.0,-0.145,0.109,4.0,0.006,0.016,5.0,-0.006,0.041,5.0,"nan","nan","nan","nan","nan","nan","nan","nan","nan","nan","nan","nan","nan","nan","nan","nan","nan","nan","nan","nan","nan"
"NGC_1817",9.05,426,78.136734,0.173639,16.695831,0.159439,0.553,0.055,0.493,0.135,-0.882,0.096,1.818,0.184,-0.142,0.091,4.0,0.032,0.274,3.0,0.196,0.052,4.0,-0.05,0.063,4.0,0.018,0.053,4.0,-0.051,0.141,4.0,0.163,0.138,4.0,0.008,0.045,4.0,0.134,0.187,3.0,0.093,0.086,3.0,0.056,0.129,4.0,-0.073,0.073,4.0,0.029,0.034,3.0,-0.183,0.091,4.0,-0.185,0.054,1.0,0.314,0.203,3.0,0.165,0.149,2.0,0.81,0.092,3.0,0.083,0.053,3.0,0.218,0.054,2.0,-0.067,0.052,3.0
"NGC_1857",8.4,125,80.031517,0.060131,39.339691,0.050301,0.314,0.039,0.556,0.11,-1.32,0.119,3.126,0.37,-0.174,0.034,2.0,"nan","nan","nan",0.015,0.041,2.0,-0.072,0.003,2.0,-0.101,0.084,2.0,-0.041,0.006,2.0,0.04,0.027,2.0,0.064,0.071,2.0,"nan","nan","nan","nan","nan","nan",0.052,0.04,2.0,-0.117,0.113,2.0,-0.032,0.017,2.0,0.239,0.131,2.0,"nan","nan","nan","nan","nan","nan","nan","nan","nan","nan","nan","nan","nan","nan","nan","nan","nan","nan","nan","nan","nan"
"NGC_188",9.85,884,11.790829,2.014387,85.243805,0.132048,0.509,0.05,-2.303,0.182,-0.953,0.167,1.974,0.2,0.088,0.032,18.0,0.074,0.044,14.0,0.07,0.143,16.0,0.057,0.018,17.0,0.233,0.115,17.0,0.059,0.053,17.0,0.103,0.035,17.0,-0.013,0.029,17.0,0.3,0.113,15.0,"nan","nan","nan",0.083,0.031,17.0,0.043,0.089,16.0,0.151,0.058,17.0,0.074,0.033,14.0,"nan","nan","nan","nan","nan","nan","nan","nan","nan","nan","nan","nan","nan","nan","nan","nan","nan","nan","nan","nan","nan"
"NGC_1901",8.95,77,79.579895,0.917221,-68.355354,0.491438,2.354,0.054,1.584,0.224,12.702,0.251,0.426,0.01,-0.145,0.039,5.0,0.155,0.083,2.0,0.024,0.024,2.0,-0.091,0.082,2.0,-0.045,0.058,2.0,0.041,0.07,2.0,0.107,0.08,2.0,0.098,0.051,1.0,"nan","nan","nan",-0.033,0.054,1.0,-0.103,0.017,2.0,"nan","nan","nan","nan","nan","nan",-0.186,0.073,1.0,-0.187,0.036,2.0,-0.038,0.06,2.0,"nan","nan","nan",0.233,0.061,2.0,"nan","nan","nan","nan","nan","nan","nan","nan","nan"
"NGC_1907",8.77,278,82.032486,0.084537,35.329174,0.074539,0.61,0.062,-0.045,0.15,-3.423,0.137,1.647,0.176,-0.079,0.009,3.0,-0.157,0.016,1.0,0.14,0.064,3.0,-0.036,0.006,3.0,-0.022,0.012,3.0,-0.04,0.012,3.0,0.041,0.021,3.0,0.007,0.03,3.0,"nan","nan","nan","nan","nan","nan",0.027,0.008,3.0,0.057,0.103,3.0,-0.001,0.009,3.0,0.067,0.035,3.0,"nan","nan","nan","nan","nan","nan","nan","nan","nan","nan","nan","nan","nan","nan","nan","nan","nan","nan","nan","nan","nan"
"NGC_1912",8.47,530,82.174568,0.172943,35.818817,0.150833,0.868,0.065,1.589,0.179,-4.423,0.157,1.158,0.094,-0.129,0.012,2.0,"nan","nan","nan",0.078,0.008,2.0,-0.079,0.01,2.0,-0.071,0.007,2.0,-0.057,0.006,2.0,0.031,0.009,2.0,0.047,0.008,2.0,"nan","nan","nan","nan","nan","nan",0.058,0.004,2.0,0.002,0.001,2.0,-0.024,0.001,2.0,0.095,0.035,2.0,"nan","nan","nan","nan","nan","nan","nan","nan","nan","nan","nan","nan","nan","nan","nan","nan","nan","nan","nan","nan","nan"
"NGC_1977",7.99,204,83.814407,0.120615,-4.809523,0.162437,2.524,0.088,1.228,0.424,-0.733,0.542,0.396,0.014,-0.338,0.165,2.0,"nan","nan","nan","nan","nan","nan","nan","nan","nan","nan","nan","nan","nan","nan","nan","nan","nan","nan","nan","nan","nan","nan","nan","nan","nan","nan","nan","nan","nan","nan","nan","nan","nan","nan","nan","nan","nan","nan","nan","nan","nan","nan","nan","nan","nan","nan","nan","nan","nan","nan","nan","nan","nan","nan","nan","nan","nan","nan","nan","nan"
"NGC_1980",7.12,164,83.798859,0.110329,-5.918983,0.187313,2.585,0.068,1.221,0.189,0.535,0.224,0.387,0.011,-0.075,0.092,7.0,"nan","nan","nan","nan","nan","nan","nan","nan","nan","nan","nan","nan","nan","nan","nan","nan","nan","nan","nan","nan","nan","nan","nan","nan","nan","nan","nan","nan","nan","nan","nan","nan","nan","nan","nan","nan","nan","nan","nan","nan","nan","nan","nan","nan","nan","nan","nan","nan","nan","nan","nan","nan","nan","nan","nan","nan","nan","nan","nan","nan"
"NGC_2112",9.32,700,88.452499,0.171776,0.401254,0.181961,0.876,0.072,-2.695,0.226,4.272,0.226,1.152,0.101,-0.111,0.018,3.0,0.062,0.11,1.0,0.108,0.041,1.0,-0.107,0.055,1.0,0.176,0.057,1.0,-0.014,0.047,1.0,0.143,0.062,1.0,0.02,0.041,1.0,0.311,0.088,1.0,0.023,0.06,1.0,0.119,0.058,1.0,-0.003,0.052,1.0,0.06,0.063,1.0,-0.118,0.047,1.0,-0.198,0.081,1.0,0.003,0.101,1.0,0.267,0.132,1.0,0.233,0.071,1.0,0.049,0.069,1.0,0.278,0.073,1.0,-0.021,0.085,1.0
"NGC_2158",9.19,1318,91.861725,0.048875,24.09939,0.046474,0.189,0.113,-0.189,0.206,-2.015,0.184,4.229,1.085,-0.211,0.008,2.0,0.19,0.013,1.0,0.202,0.044,1.0,0.049,0.012,1.0,0.198,0.02,1.0,0.054,0.011,1.0,0.094,0.013,1.0,-0.031,0.018,1.0,0.234,0.05,1.0,"nan","nan","nan",-0.03,0.017,1.0,-0.037,0.039,1.0,0.046,0.014,1.0,-0.038,0.037,1.0,"nan","nan","nan","nan","nan","nan","nan","nan","nan","nan","nan","nan","nan","nan","nan","nan","nan","nan","nan","nan","nan"
"NGC_2168",8.17,1268,92.270485,0.340405,24.337984,0.361645,1.13,0.069,2.293,0.254,-2.909,0.239,0.888,0.059,-0.051,0.015,3.0,"nan","nan","nan","nan","nan","nan",-0.041,0.016,3.0,-0.128,0.109,3.0,-0.045,0.079,3.0,0.117,0.052,3.0,0.49,0.069,1.0,"nan","nan","nan","nan","nan","nan",-0.076,0.058,3.0,0.299,0.25,3.0,-0.088,0.013,3.0,0.082,0.121,3.0,"nan","nan","nan","nan","nan","nan","nan","nan","nan","nan","nan","nan","nan","nan","nan","nan","nan","nan","nan","nan","nan"
"NGC_2183",7.24,83,92.692604,0.161437,-6.218617,0.126294,1.171,0.102,-3.649,0.388,0.388,0.289,0.861,0.086,"nan","nan","nan","nan","nan","nan","nan","nan","nan","nan","nan","nan","nan","nan","nan","nan","nan","nan","nan","nan","nan","nan","nan","nan","nan","nan","nan","nan","nan","nan","nan","nan","nan","nan","nan","nan","nan","nan","nan","nan","nan","nan","nan","nan","nan","nan","nan","nan","nan","nan","nan","nan","nan","nan","nan","nan","nan","nan","nan","nan","nan","nan","nan"
"NGC_2204",9.32,532,93.881569,0.101138,-18.671167,0.091199,0.21,0.069,-0.555,0.131,1.977,0.14,4.319,0.935,-0.27,0.029,23.0,0.07,0.153,17.0,0.211,0.08,18.0,-0.011,0.036,18.0,0.051,0.124,18.0,0.032,0.073,18.0,0.121,0.08,18.0,0.01,0.07,17.0,0.207,0.232,10.0,-0.014,0.111,12.0,-0.023,0.109,18.0,-0.015,0.123,18.0,-0.01,0.11,18.0,-0.028,0.167,18.0,0.197,0.248,11.0,0.568,0.365,9.0,0.086,0.22,6.0,0.636,0.161,10.0,0.169,0.251,10.0,0.275,0.204,8.0,0.124,0.119,10.0
"NGC_2215",8.84,116,95.200577,0.1932,-7.27114,0.202645,1.023,0.057,0.428,0.143,-3.669,0.159,0.981,0.057,-0.087,0.064,1.0,-0.058,0.112,1.0,0.01,0.042,1.0,0.117,0.057,1.0,-0.121,0.058,1.0,0.022,0.048,1.0,0.063,0.063,1.0,-0.01,0.052,1.0,"nan","nan","nan",-0.062,0.062,1.0,-0.009,0.059,1.0,"nan","nan","nan",-0.127,0.07,1.0,-0.178,0.058,1.0,-0.044,0.077,1.0,0.004,0.104,1.0,"nan","nan","nan",0.183,0.073,1.0,"nan","nan","nan","nan","nan","nan","nan","nan","nan"
"NGC_2232",7.25,198,96.916786,0.480584,-4.749061,0.489035,3.072,0.123,-4.738,0.294,-1.906,0.274,0.327,0.013,-0.121,0.037,3.0,0.214,0.126,3.0,0.111,0.018,2.0,-0.166,0.122,3.0,0.194,0.154,2.0,0.122,0.029,3.0,0.149,0.019,3.0,-0.032,0.026,1.0,"nan","nan","nan","nan","nan","nan",-0.062,0.033,3.0,-0.057,0.128,1.0,-0.066,0.02,1.0,0.024,0.061,1.0,-0.181,0.058,2.0,0.067,0.038,2.0,"nan","nan","nan",0.128,0.091,2.0,"nan","nan","nan","nan","nan","nan","nan","nan","nan"
"NGC_2243",9.64,508,97.394211,0.05601,-31.282291,0.049253,0.216,0.059,-1.285,0.138,5.494,0.144,4.343,0.848,-0.472,0.041,10.0,0.203,0.189,10.0,0.198,0.161,10.0,0.054,0.145,10.0,0.054,0.14,10.0,0.031,0.101,10.0,0.049,0.125,10.0,0.037,0.118,9.0,0.249,0.128,6.0,0.011,0.113,6.0,0.068,0.126,9.0,-0.034,0.122,9.0,-0.011,0.116,10.0,0.035,0.145,10.0,0.285,0.089,5.0,0.103,0.227,6.0,0.281,0.542,2.0,0.473,0.1,6.0,0.258,0.145,6.0,0.466,0.094,3.0,0.242,0.189,7.0
"NGC_2264",7.44,172,100.217484,0.06311,9.868549,0.064532,1.351,0.086,-1.639,0.356,-3.748,0.225,0.743,0.05,-0.278,0.151,4.0,0.426,0.014,1.0,"nan","nan","nan",-0.106,0.011,1.0,0.148,0.017,1.0,-0.041,0.01,1.0,0.227,0.012,1.0,-0.035,0.024,1.0,"nan","nan","nan","nan","nan","nan",-0.067,0.022,1.0,-0.454,0.12,1.0,-0.182,0.018,1.0,0.082,0.055,1.0,"nan","nan","nan","nan","nan","nan","nan","nan","nan","nan","nan","nan","nan","nan","nan","nan","nan","nan","nan","nan","nan"
"NGC_2304",8.96,109,103.803352,0.04766,17.981575,0.041012,0.225,0.066,-0.032,0.123,-1.526,0.114,4.185,0.91,-0.159,0.061,5.0,0.017,0.061,3.0,0.027,0.074,5.0,-0.032,0.026,5.0,0.081,0.072,5.0,-0.014,0.031,5.0,0.08,0.018,5.0,0.072,0.054,5.0,0.188,0.001,2.0,"nan","nan","nan",0.012,0.028,5.0,-0.066,0.203,5.0,-0.001,0.026,5.0,0.03,0.052,5.0,"nan","nan","nan","nan","nan","nan","nan","nan","nan","nan","nan","nan","nan","nan","nan","nan","nan","nan","nan","nan","nan"
"NGC_2311",7.65,94,104.44986,0.059957,-4.609047,0.058811,0.463,0.068,-1.284,0.192,0.945,0.133,2.196,0.322,"nan","nan","nan","nan","nan","nan","nan","nan","nan","nan","nan","nan","nan","nan","nan","nan","nan","nan","nan","nan","nan","nan","nan","nan","nan","nan","nan","nan","nan","nan","nan","nan","nan","nan","nan","nan","nan","nan","nan","nan","nan","nan","nan","nan","nan","nan","nan","nan","nan","nan","nan","nan","nan","nan","nan","nan","nan","nan","nan","nan","nan","nan","nan"
"NGC_2318",8.64,128,104.852844,0.169997,-13.820499,0.195997,0.712,0.043,-1.785,0.131,-2.179,0.12,1.409,0.087,-0.033,0.008,1.0,"nan","nan","nan",0.134,0.041,1.0,-0.07,0.011,1.0,-0.049,0.019,1.0,-0.039,0.011,1.0,0.045,0.012,1.0,-0.021,0.02,1.0,"nan","nan","nan","nan","nan","nan",0.049,0.015,1.0,0.06,0.042,1.0,0.015,0.013,1.0,0.078,0.035,1.0,"nan","nan","nan","nan","nan","nan","nan","nan","nan","nan","nan","nan","nan","nan","nan","nan","nan","nan","nan","nan","nan"
"NGC_2324",8.73,252,106.033295,0.074134,1.046308,0.083407,0.187,0.052,-0.309,0.095,-0.101,0.087,4.824,0.939,-0.196,0.039,5.0,0.001,0.106,2.0,0.189,0.062,4.0,-0.036,0.039,4.0,-0.021,0.11,4.0,-0.014,0.028,4.0,0.067,0.029,4.0,0.056,0.083,4.0,0.418,0.041,1.0,"nan","nan","nan",0.031,0.019,4.0,-0.089,0.176,4.0,-0.004,0.032,4.0,0.101,0.067,4.0,"nan","nan","nan","nan","nan","nan","nan","nan","nan","nan","nan","nan","nan","nan","nan","nan","nan","nan","nan","nan","nan"
"NGC_2353",8.01,210,108.641472,0.123508,-10.260757,0.12171,0.823,0.058,-1.106,0.153,0.729,0.145,1.22,0.086,"nan","nan","nan","nan","nan","nan","nan","nan","nan","nan","nan","nan","nan","nan","nan","nan","nan","nan","nan","nan","nan","nan","nan","nan","nan","nan","nan","nan","nan","nan","nan","nan","nan","nan","nan","nan","nan","nan","nan","nan","nan","nan","nan","nan","nan","nan","nan","nan","nan","nan","nan","nan","nan","nan","nan","nan","nan","nan","nan","nan","nan","nan","nan"
"NGC_2420",9.24,400,114.601151,0.051687,21.576378,0.053937,0.362,0.064,-1.195,0.159,-2.133,0.136,2.756,0.464,-0.185,0.029,16.0,0.012,0.084,10.0,0.03,0.116,15.0,0.0,0.018,15.0,0.062,0.017,15.0,-0.007,0.014,15.0,0.089,0.023,15.0,0.027,0.063,15.0,0.321,0.122,2.0,"nan","nan","nan",0.012,0.019,15.0,-0.137,0.085,12.0,-0.011,0.028,15.0,0.016,0.051,14.0,"nan","nan","nan","nan","nan","nan","nan","nan","nan","nan","nan","nan","nan","nan","nan","nan","nan","nan","nan","nan","nan"
"NGC_2447",8.76,717,116.141243,0.227326,-23.850883,0.225555,0.973,0.061,-3.578,0.185,5.062,0.179,1.029,0.066,-0.084,0.01,3.0,"nan","nan","nan",0.136,0.011,3.0,-0.021,0.002,3.0,0.006,0.015,3.0,-0.041,0.005,3.0,0.052,0.002,3.0,-0.025,0.013,3.0,"nan","nan","nan","nan","nan","nan",0.05,0.004,3.0,0.045,0.022,3.0,-0.013,0.004,3.0,-0.002,0.028,3.0,"nan","nan","nan","nan","nan","nan","nan","nan","nan","nan","nan","nan","nan","nan","nan","nan","nan","nan","nan","nan","nan"
"NGC_2479",8.99,130,118.762215,0.074089,-17.734764,0.092299,0.622,0.068,-4.324,0.113,1.056,0.079,1.617,0.206,-0.032,0.008,1.0,"nan","nan","nan",0.125,0.041,1.0,-0.052,0.011,1.0,-0.023,0.019,1.0,-0.047,0.011,1.0,0.041,0.012,1.0,-0.011,0.019,1.0,"nan","nan","nan","nan","nan","nan",0.055,0.015,1.0,0.043,0.041,1.0,0.023,0.013,1.0,-0.019,0.035,1.0,"nan","nan","nan","nan","nan","nan","nan","nan","nan","nan","nan","nan","nan","nan","nan","nan","nan","nan","nan","nan","nan"
"NGC_2506",9.22,1476,120.009354,0.101014,-10.773321,0.095859,0.294,0.084,-2.571,0.166,3.914,0.124,3.318,0.722,"nan","nan","nan","nan","nan","nan","nan","nan","nan","nan","nan","nan","nan","nan","nan","nan","nan","nan","nan","nan","nan","nan","nan","nan","nan","nan","nan","nan","nan","nan","nan","nan","nan","nan","nan","nan","nan","nan","nan","nan","nan","nan","nan","nan","nan","nan","nan","nan","nan","nan","nan","nan","nan","nan","nan","nan","nan","nan","nan","nan","nan","nan","nan"
"NGC_2516",8.38,923,119.518448,0.719327,-60.800911,0.339512,2.415,0.049,-4.685,0.456,11.201,0.377,0.414,0.009,-0.079,0.025,2.0,0.261,0.082,1.0,-0.003,0.029,1.0,-0.006,0.038,1.0,-0.024,0.04,1.0,0.01,0.034,1.0,0.07,0.045,1.0,-0.062,0.038,1.0,"nan","nan","nan",-0.044,0.041,1.0,-0.016,0.038,1.0,"nan","nan","nan",-0.047,0.057,1.0,-0.2,0.038,1.0,0.026,0.048,1.0,0.146,0.068,1.0,"nan","nan","nan",0.298,0.05,1.0,"nan","nan","nan","nan","nan","nan","nan","nan","nan"
"NGC_2539",8.84,491,122.656174,0.193719,-12.832067,0.207167,0.759,0.064,-2.334,0.139,-0.587,0.151,1.323,0.114,0.075,0.062,1.0,-0.308,0.112,1.0,0.135,0.042,1.0,-0.13,0.056,1.0,-0.063,0.058,1.0,-0.091,0.048,1.0,0.021,0.063,1.0,-0.028,0.054,1.0,0.33,0.126,1.0,0.056,0.061,1.0,0.044,0.059,1.0,-0.185,0.053,1.0,-0.017,0.064,1.0,-0.098,0.047,1.0,0.148,0.091,1.0,0.156,0.123,1.0,0.294,0.082,1.0,0.56,0.072,1.0,-0.054,0.082,1.0,0.34,0.128,1.0,-0.106,0.086,1.0
"NGC_2548",8.59,469,123.401825,0.378919,-5.724419,0.367111,1.287,0.068,-1.309,0.216,1.022,0.217,0.78,0.044,0.009,0.057,3.0,-0.011,0.072,3.0,0.205,0.011,3.0,-0.047,0.019,3.0,0.045,0.019,3.0,-0.012,0.025,3.0,0.229,0.059,3.0,-0.002,0.038,3.0,0.096,0.09,2.0,0.051,0.015,3.0,0.067,0.029,3.0,-0.086,0.04,3.0,0.067,0.036,3.0,-0.081,0.046,3.0,-0.035,0.059,3.0,0.449,0.061,3.0,0.191,0.044,2.0,0.652,0.048,3.0,0.031,0.017,3.0,0.219,0.025,1.0,-0.056,0.035,3.0
"NGC_2632",8.83,798,130.054382,0.928829,19.618279,0.84758,5.347,0.155,-36.142,1.174,-12.951,0.942,0.186,0.006,0.133,0.041,35.0,-0.043,0.076,33.0,0.043,0.08,34.0,-0.116,0.035,34.0,-0.008,0.031,34.0,-0.034,0.039,33.0,0.047,0.052,32.0,-0.031,0.051,34.0,-0.03,0.085,22.0,-0.023,0.041,34.0,0.04,0.03,34.0,-0.128,0.126,16.0,-0.036,0.046,31.0,-0.046,0.076,34.0,-0.048,0.052,33.0,-0.006,0.08,34.0,0.005,0.055,6.0,0.039,0.064,34.0,0.212,0.08,8.0,"nan","nan","nan","nan","nan","nan"
"NGC_2682",9.63,733,132.841385,0.162597,11.816189,0.16224,1.136,0.054,-10.985,0.209,-2.961,0.217,0.882,0.042,0.001,0.056,128.0,0.063,0.151,98.0,0.05,0.108,106.0,-0.003,0.072,128.0,0.035,0.11,129.0,0.005,0.132,129.0,0.053,0.07,126.0,0.002,0.115,113.0,0.141,0.222,65.0,0.006,0.098,96.0,0.028,0.08,123.0,0.297,0.363,103.0,-0.006,0.095,127.0,0.026,0.106,122.0,0.049,0.138,97.0,0.026,0.175,93.0,0.066,0.247,33.0,0.055,0.154,98.0,0.165,0.229,51.0,0.242,0.157,28.0,-0.005,0.108,18.0
"NGC_3228",7.48,130,155.333557,0.773772,-51.807297,0.522726,2.032,0.086,-14.856,0.326,-0.662,0.268,0.492,0.022,"nan","nan","nan","nan","nan","nan","nan","nan","nan","nan","nan","nan","nan","nan","nan","nan","nan","nan","nan","nan","nan","nan","nan","nan","nan","nan","nan","nan","nan","nan","nan","nan","nan","nan","nan","nan","nan","nan","nan","nan","nan","nan","nan","nan","nan","nan","nan","nan","nan","nan","nan","nan","nan","nan","nan","nan","nan","nan","nan","nan","nan","nan","nan"
"NGC_366",7.41,130,16.623985,0.068104,62.218163,0.033034,0.345,0.066,-2.071,0.139,-0.414,0.126,2.88,0.474,"nan","nan","nan","nan","nan","nan","nan","nan","nan","nan","nan","nan","nan","nan","nan","nan","nan","nan","nan","nan","nan","nan","nan","nan","nan","nan","nan","nan","nan","nan","nan","nan","nan","nan","nan","nan","nan","nan","nan","nan","nan","nan","nan","nan","nan","nan","nan","nan","nan","nan","nan","nan","nan","nan","nan","nan","nan","nan","nan","nan","nan","nan","nan"
"NGC_3680",9.34,101,171.392822,0.269391,-43.239849,0.140534,0.933,0.049,-7.263,0.166,1.147,0.181,1.074,0.057,"nan","nan","nan","nan","nan","nan","nan","nan","nan","nan","nan","nan","nan","nan","nan","nan","nan","nan","nan","nan","nan","nan","nan","nan","nan","nan","nan","nan","nan","nan","nan","nan","nan","nan","nan","nan","nan","nan","nan","nan","nan","nan","nan","nan","nan","nan","nan","nan","nan","nan","nan","nan","nan","nan","nan","nan","nan","nan","nan","nan","nan","nan","nan"
"NGC_4337",9.16,217,186.022263,0.086385,-58.125542,0.041843,0.354,0.045,-8.84,0.091,1.469,0.085,2.823,0.35,0.23,0.033,7.0,-0.151,0.032,6.0,0.251,0.025,6.0,-0.007,0.025,6.0,0.151,0.026,6.0,-0.023,0.017,6.0,0.095,0.015,6.0,0.001,0.018,6.0,"nan","nan","nan","nan","nan","nan",0.111,0.011,6.0,0.031,0.035,6.0,0.223,0.024,6.0,0.036,0.034,6.0,"nan","nan","nan","nan","nan","nan","nan","nan","nan","nan","nan","nan","nan","nan","nan","nan","nan","nan","nan","nan","nan"
"NGC_5316",8.22,397,208.509491,0.291981,-61.883575,0.122976,0.665,0.057,-6.303,0.106,-1.505,0.13,1.512,0.134,"nan","nan","nan","nan","nan","nan","nan","nan","nan","nan","nan","nan","nan","nan","nan","nan","nan","nan","nan","nan","nan","nan","nan","nan","nan","nan","nan","nan","nan","nan","nan","nan","nan","nan","nan","nan","nan","nan","nan","nan","nan","nan","nan","nan","nan","nan","nan","nan","nan","nan","nan","nan","nan","nan","nan","nan","nan","nan","nan","nan","nan","nan","nan"
"NGC_5460",8.2,153,211.84668,0.335515,-48.29427,0.221138,1.341,0.066,-6.61,0.183,-3.438,0.222,0.747,0.038,"nan","nan","nan","nan","nan","nan","nan","nan","nan","nan","nan","nan","nan","nan","nan","nan","nan","nan","nan","nan","nan","nan","nan","nan","nan","nan","nan","nan","nan","nan","nan","nan","nan","nan","nan","nan","nan","nan","nan","nan","nan","nan","nan","nan","nan","nan","nan","nan","nan","nan","nan","nan","nan","nan","nan","nan","nan","nan","nan","nan","nan","nan","nan"
"NGC_6216",7.68,175,252.336838,0.059287,-44.721134,0.046295,0.367,0.045,-1.277,0.128,-2.529,0.101,2.727,0.321,"nan","nan","nan","nan","nan","nan","nan","nan","nan","nan","nan","nan","nan","nan","nan","nan","nan","nan","nan","nan","nan","nan","nan","nan","nan","nan","nan","nan","nan","nan","nan","nan","nan","nan","nan","nan","nan","nan","nan","nan","nan","nan","nan","nan","nan","nan","nan","nan","nan","nan","nan","nan","nan","nan","nan","nan","nan","nan","nan","nan","nan","nan","nan"
"NGC_6242",7.89,488,253.878906,0.116575,-39.47422,0.100029,0.756,0.081,1.156,0.214,-0.835,0.183,1.335,0.163,"nan","nan","nan","nan","nan","nan","nan","nan","nan","nan","nan","nan","nan","nan","nan","nan","nan","nan","nan","nan","nan","nan","nan","nan","nan","nan","nan","nan","nan","nan","nan","nan","nan","nan","nan","nan","nan","nan","nan","nan","nan","nan","nan","nan","nan","nan","nan","nan","nan","nan","nan","nan","nan","nan","nan","nan","nan","nan","nan","nan","nan","nan","nan"
"NGC_6253",9.51,437,254.780167,0.074914,-52.710419,0.045678,0.564,0.049,-4.525,0.17,-5.277,0.131,1.785,0.172,0.258,0.07,8.0,0.186,0.294,5.0,0.46,0.081,5.0,0.102,0.069,5.0,0.312,0.042,5.0,0.19,0.038,5.0,0.2,0.077,5.0,0.047,0.061,5.0,0.417,0.242,4.0,0.14,0.035,5.0,0.183,0.069,5.0,0.173,0.058,5.0,0.3,0.067,5.0,0.174,0.066,5.0,0.184,0.181,5.0,0.001,0.046,5.0,0.011,0.057,5.0,0.281,0.179,5.0,-0.153,0.047,5.0,-0.018,0.111,2.0,-0.071,0.039,3.0
"NGC_6405",7.54,616,265.072235,0.333922,-32.238403,0.272151,2.161,0.11,-1.344,0.395,-5.806,0.37,0.465,0.025,"nan","nan","nan","nan","nan","nan","nan","nan","nan","nan","nan","nan","nan","nan","nan","nan","nan","nan","nan","nan","nan","nan","nan","nan","nan","nan","nan","nan","nan","nan","nan","nan","nan","nan","nan","nan","nan","nan","nan","nan","nan","nan","nan","nan","nan","nan","nan","nan","nan","nan","nan","nan","nan","nan","nan","nan","nan","nan","nan","nan","nan","nan","nan"
"NGC_6469",7.84,57,268.277344,0.067481,-22.297613,0.077821,0.591,0.053,0.661,0.131,0.811,0.1,1.707,0.165,"nan","nan","nan","nan","nan","nan","nan","nan","nan","nan","nan","nan","nan","nan","nan","nan","nan","nan","nan","nan","nan","nan","nan","nan","nan","nan","nan","nan","nan","nan","nan","nan","nan","nan","nan","nan","nan","nan","nan","nan","nan","nan","nan","nan","nan","nan","nan","nan","nan","nan","nan","nan","nan","nan","nan","nan","nan","nan","nan","nan","nan","nan","nan"
"NGC_6475",8.35,1075,268.446472,0.895996,-34.831081,0.869186,3.568,0.128,3.104,0.491,-5.371,0.467,0.282,0.01,"nan","nan","nan","nan","nan","nan","nan","nan","nan","nan","nan","nan","nan","nan","nan","nan","nan","nan","nan","nan","nan","nan","nan","nan","nan","nan","nan","nan","nan","nan","nan","nan","nan","nan","nan","nan","nan","nan","nan","nan","nan","nan","nan","nan","nan","nan","nan","nan","nan","nan","nan","nan","nan","nan","nan","nan","nan","nan","nan","nan","nan","nan","nan"
"NGC_6494",8.58,772,269.236694,0.265232,-18.985973,0.269839,1.355,0.067,0.278,0.217,-1.799,0.213,0.741,0.037,"nan","nan","nan","nan","nan","nan","nan","nan","nan","nan","nan","nan","nan","nan","nan","nan","nan","nan","nan","nan","nan","nan","nan","nan","nan","nan","nan","nan","nan","nan","nan","nan","nan","nan","nan","nan","nan","nan","nan","nan","nan","nan","nan","nan","nan","nan","nan","nan","nan","nan","nan","nan","nan","nan","nan","nan","nan","nan","nan","nan","nan","nan","nan"
"NGC_6531",7.11,211,271.033813,0.151643,-22.50415,0.119632,0.802,0.056,0.532,0.177,-1.422,0.304,1.254,0.088,"nan","nan","nan","nan","nan","nan","nan","nan","nan","nan","nan","nan","nan","nan","nan","nan","nan","nan","nan","nan","nan","nan","nan","nan","nan","nan","nan","nan","nan","nan","nan","nan","nan","nan","nan","nan","nan","nan","nan","nan","nan","nan","nan","nan","nan","nan","nan","nan","nan","nan","nan","nan","nan","nan","nan","nan","nan","nan","nan","nan","nan","nan","nan"
"NGC_6583",9.08,176,273.961212,0.052355,-22.143101,0.049086,0.416,0.049,1.297,0.112,0.106,0.095,2.408,0.286,"nan","nan","nan","nan","nan","nan","nan","nan","nan","nan","nan","nan","nan","nan","nan","nan","nan","nan","nan","nan","nan","nan","nan","nan","nan","nan","nan","nan","nan","nan","nan","nan","nan","nan","nan","nan","nan","nan","nan","nan","nan","nan","nan","nan","nan","nan","nan","nan","nan","nan","nan","nan","nan","nan","nan","nan","nan","nan","nan","nan","nan","nan","nan"
"NGC_6649",7.85,498,278.359009,0.050374,-10.39998,0.052461,0.469,0.087,-0.015,0.184,-0.038,0.19,2.148,0.415,"nan","nan","nan","nan","nan","nan","nan","nan","nan","nan","nan","nan","nan","nan","nan","nan","nan","nan","nan","nan","nan","nan","nan","nan","nan","nan","nan","nan","nan","nan","nan","nan","nan","nan","nan","nan","nan","nan","nan","nan","nan","nan","nan","nan","nan","nan","nan","nan","nan","nan","nan","nan","nan","nan","nan","nan","nan","nan","nan","nan","nan","nan","nan"
"NGC_6705",8.49,1326,282.766327,0.070986,-6.269885,0.071014,0.434,0.085,-1.573,0.165,-4.144,0.157,2.339,0.413,0.103,0.037,12.0,-0.069,0.051,12.0,0.275,0.05,12.0,-0.052,0.017,12.0,0.0,0.066,12.0,0.01,0.019,12.0,0.087,0.033,12.0,-0.034,0.026,12.0,0.178,0.077,8.0,"nan","nan","nan",0.129,0.023,12.0,-0.001,0.025,12.0,0.144,0.019,12.0,0.168,0.083,12.0,"nan","nan","nan","nan","nan","nan","nan","nan","nan","nan","nan","nan","nan","nan","nan","nan","nan","nan","nan","nan","nan"
"NGC_6791",9.8,1635,290.220978,0.086222,37.777603,0.0694,0.188,0.09,-0.42,0.182,-2.274,0.216,4.413,1.042,0.332,0.028,13.0,-0.007,0.055,7.0,0.139,0.063,7.0,0.062,0.043,7.0,0.325,0.041,7.0,0.071,0.031,7.0,0.004,0.029,7.0,0.02,0.023,7.0,0.647,0.101,7.0,"nan","nan","nan",0.003,0.032,7.0,0.02,0.042,7.0,0.223,0.025,7.0,0.189,0.04,7.0,"nan","nan","nan","nan","nan","nan","nan","nan","nan","nan","nan","nan","nan","nan","nan","nan","nan","nan","nan","nan","nan"
"NGC_6811",9.03,297,294.338165,0.283638,46.37751,0.205291,0.87,0.042,-3.385,0.147,-8.794,0.15,1.152,0.056,-0.048,0.02,7.0,-0.157,0.016,1.0,0.082,0.058,7.0,-0.044,0.012,7.0,-0.023,0.029,7.0,-0.045,0.01,7.0,0.043,0.016,7.0,-0.006,0.025,7.0,"nan","nan","nan","nan","nan","nan",0.039,0.013,7.0,-0.064,0.116,7.0,0.008,0.012,7.0,-0.028,0.077,7.0,"nan","nan","nan","nan","nan","nan","nan","nan","nan","nan","nan","nan","nan","nan","nan","nan","nan","nan","nan","nan","nan"
"NGC_6819",9.35,1525,295.326935,0.131033,40.189911,0.103684,0.357,0.051,-2.909,0.143,-3.857,0.155,2.799,0.392,0.058,0.031,45.0,-0.013,0.096,38.0,0.096,0.086,40.0,0.006,0.017,40.0,0.108,0.065,40.0,0.022,0.032,39.0,0.114,0.021,40.0,-0.012,0.028,40.0,0.297,0.134,30.0,"nan","nan","nan",0.05,0.02,40.0,-0.017,0.06,39.0,0.118,0.027,40.0,0.042,0.053,40.0,"nan","nan","nan","nan","nan","nan","nan","nan","nan","nan","nan","nan","nan","nan","nan","nan","nan","nan","nan","nan","nan"
"NGC_6866",8.81,111,300.982971,0.115482,44.171337,0.093421,0.685,0.03,-1.366,0.077,-5.733,0.076,1.464,0.063,0.002,0.018,2.0,"nan","nan","nan",0.094,0.012,2.0,-0.037,0.013,2.0,-0.032,0.001,2.0,-0.068,0.005,2.0,0.044,0.009,2.0,-0.011,0.005,2.0,"nan","nan","nan","nan","nan","nan",0.072,0.004,2.0,0.007,0.088,2.0,0.042,0.006,2.0,0.022,0.01,2.0,"nan","nan","nan","nan","nan","nan","nan","nan","nan","nan","nan","nan","nan","nan","nan","nan","nan","nan","nan","nan","nan"
"NGC_7058",7.61,42,320.452026,0.134486,50.821327,0.085469,2.729,0.044,7.423,0.209,2.889,0.255,0.366,0.006,"nan","nan","nan","nan","nan","nan","nan","nan","nan","nan","nan","nan","nan","nan","nan","nan","nan","nan","nan","nan","nan","nan","nan","nan","nan","nan","nan","nan","nan","nan","nan","nan","nan","nan","nan","nan","nan","nan","nan","nan","nan","nan","nan","nan","nan","nan","nan","nan","nan","nan","nan","nan","nan","nan","nan","nan","nan","nan","nan","nan","nan","nan","nan"
"NGC_7062",8.63,100,320.8573,0.074028,46.385368,0.0499,0.4,0.045,-1.919,0.126,-4.031,0.086,2.508,0.282,0.005,0.008,1.0,"nan","nan","nan",0.206,0.04,1.0,-0.067,0.011,1.0,-0.045,0.019,1.0,-0.06,0.011,1.0,0.064,0.012,1.0,-0.025,0.019,1.0,"nan","nan","nan","nan","nan","nan",0.039,0.014,1.0,0.144,0.041,1.0,0.048,0.012,1.0,-0.041,0.034,1.0,"nan","nan","nan","nan","nan","nan","nan","nan","nan","nan","nan","nan","nan","nan","nan","nan","nan","nan","nan","nan","nan"
"NGC_7086",8.29,598,322.623901,0.17701,51.59362,0.103192,0.589,0.05,-1.649,0.16,-1.621,0.143,1.707,0.154,"nan","nan","nan","nan","nan","nan","nan","nan","nan","nan","nan","nan","nan","nan","nan","nan","nan","nan","nan","nan","nan","nan","nan","nan","nan","nan","nan","nan","nan","nan","nan","nan","nan","nan","nan","nan","nan","nan","nan","nan","nan","nan","nan","nan","nan","nan","nan","nan","nan","nan","nan","nan","nan","nan","nan","nan","nan","nan","nan","nan","nan","nan","nan"
"NGC_7419",7.5,317,343.578064,0.089433,60.814781,0.043823,0.281,0.063,-2.761,0.152,-1.622,0.165,3.498,0.698,"nan","nan","nan","nan","nan","nan","nan","nan","nan","nan","nan","nan","nan","nan","nan","nan","nan","nan","nan","nan","nan","nan","nan","nan","nan","nan","nan","nan","nan","nan","nan","nan","nan","nan","nan","nan","nan","nan","nan","nan","nan","nan","nan","nan","nan","nan","nan","nan","nan","nan","nan","nan","nan","nan","nan","nan","nan","nan","nan","nan","nan","nan","nan"
"NGC_752",9.07,224,29.199253,0.74669,37.801239,0.347557,2.228,0.074,9.811,0.26,-11.709,0.296,0.45,0.015,-0.04,0.007,1.0,0.002,0.014,1.0,0.056,0.038,1.0,-0.093,0.01,1.0,0.047,0.018,1.0,-0.025,0.01,1.0,0.079,0.011,1.0,-0.065,0.017,1.0,"nan","nan","nan","nan","nan","nan",0.001,0.014,1.0,-0.142,0.037,1.0,-0.003,0.012,1.0,-0.102,0.032,1.0,"nan","nan","nan","nan","nan","nan","nan","nan","nan","nan","nan","nan","nan","nan","nan","nan","nan","nan","nan","nan","nan"
"NGC_7789",9.19,2920,359.303497,75.648895,56.724556,0.186467,0.451,0.054,-0.926,0.146,-1.93,0.141,2.226,0.28,-0.013,0.023,17.0,-0.131,0.164,14.0,-0.096,0.135,15.0,-0.029,0.034,15.0,0.024,0.095,15.0,-0.04,0.051,15.0,0.071,0.03,15.0,-0.032,0.063,15.0,0.239,0.048,5.0,"nan","nan","nan",0.005,0.016,15.0,-0.05,0.052,14.0,0.029,0.031,15.0,0.039,0.031,14.0,"nan","nan","nan","nan","nan","nan","nan","nan","nan","nan","nan","nan","nan","nan","nan","nan","nan","nan","nan","nan","nan"
"Negueruela_1",7.23,58,356.85376,0.055589,63.218258,0.026837,0.286,0.067,-2.969,0.216,-1.337,0.158,3.425,0.622,"nan","nan","nan","nan","nan","nan","nan","nan","nan","nan","nan","nan","nan","nan","nan","nan","nan","nan","nan","nan","nan","nan","nan","nan","nan","nan","nan","nan","nan","nan","nan","nan","nan","nan","nan","nan","nan","nan","nan","nan","nan","nan","nan","nan","nan","nan","nan","nan","nan","nan","nan","nan","nan","nan","nan","nan","nan","nan","nan","nan","nan","nan","nan"
"RSG_7",7.59,194,344.276764,1.251187,59.283928,0.732375,2.311,0.109,5.029,0.402,-1.499,0.568,0.435,0.021,"nan","nan","nan","nan","nan","nan","nan","nan","nan","nan","nan","nan","nan","nan","nan","nan","nan","nan","nan","nan","nan","nan","nan","nan","nan","nan","nan","nan","nan","nan","nan","nan","nan","nan","nan","nan","nan","nan","nan","nan","nan","nan","nan","nan","nan","nan","nan","nan","nan","nan","nan","nan","nan","nan","nan","nan","nan","nan","nan","nan","nan","nan","nan"
"RSG_8",7.43,444,345.101654,1.355991,59.386086,0.748305,2.178,0.176,5.47,0.455,-1.643,0.461,0.462,0.038,0.009,0.01,1.0,"nan","nan","nan","nan","nan","nan","nan","nan","nan","nan","nan","nan","nan","nan","nan","nan","nan","nan","nan","nan","nan","nan","nan","nan","nan","nan","nan","nan","nan","nan","nan","nan","nan","nan","nan","nan","nan","nan","nan","nan","nan","nan","nan","nan","nan","nan","nan","nan","nan","nan","nan","nan","nan","nan","nan","nan","nan","nan","nan","nan"
"Ruprecht_145",8.91,221,282.642334,0.30884,-18.263105,0.418993,1.649,0.074,8.324,0.321,-4.075,0.277,0.609,0.028,0.007,0.052,2.0,-0.11,0.087,2.0,0.129,0.046,2.0,-0.09,0.062,2.0,0.015,0.047,2.0,-0.038,0.051,2.0,0.19,0.043,2.0,-0.065,0.035,2.0,0.106,0.144,2.0,-0.048,0.009,2.0,0.024,0.061,2.0,-0.141,0.041,2.0,0.015,0.041,2.0,-0.112,0.062,2.0,-0.156,0.057,1.0,0.195,0.055,2.0,0.134,0.115,2.0,0.461,0.05,2.0,-0.07,0.059,2.0,0.074,0.087,1.0,-0.153,0.013,2.0
"Ruprecht_147",9.48,175,289.05722,0.543256,-16.337017,0.740169,3.252,0.118,-0.942,0.46,-26.605,0.637,0.309,0.011,0.11,0.049,42.0,0.008,0.152,16.0,0.115,0.057,39.0,-0.029,0.041,39.0,0.072,0.08,40.0,0.049,0.108,40.0,0.07,0.053,40.0,-0.012,0.06,40.0,0.086,0.214,23.0,-0.037,0.054,39.0,0.05,0.048,39.0,0.563,0.399,28.0,-0.042,0.072,40.0,0.013,0.064,39.0,0.042,0.109,37.0,0.029,0.12,39.0,-0.006,0.071,5.0,0.059,0.148,37.0,0.073,0.242,10.0,0.11,0.037,5.0,-0.029,0.042,4.0
"Ruprecht_82",8.66,99,146.420303,0.08814,-54.004566,0.052574,0.432,0.038,-6.432,0.089,4.363,0.105,2.316,0.205,-0.027,0.008,1.0,"nan","nan","nan",0.202,0.04,1.0,-0.038,0.011,1.0,-0.021,0.019,1.0,-0.028,0.011,1.0,0.057,0.012,1.0,-0.01,0.019,1.0,"nan","nan","nan","nan","nan","nan",0.052,0.015,1.0,0.071,0.041,1.0,0.02,0.012,1.0,0.075,0.034,1.0,"nan","nan","nan","nan","nan","nan","nan","nan","nan","nan","nan","nan","nan","nan","nan","nan","nan","nan","nan","nan","nan"
"Ruprecht_85",8.31,126,150.363373,0.059712,-55.110924,0.035257,0.177,0.057,-4.424,0.124,3.239,0.106,4.917,1.158,-0.238,0.008,1.0,0.127,0.015,1.0,0.048,0.043,1.0,0.039,0.011,1.0,0.031,0.018,1.0,0.055,0.01,1.0,0.108,0.013,1.0,-0.04,0.018,1.0,0.074,0.051,1.0,"nan","nan","nan",0.019,0.016,1.0,-0.098,0.04,1.0,-0.032,0.013,1.0,-0.065,0.036,1.0,"nan","nan","nan","nan","nan","nan","nan","nan","nan","nan","nan","nan","nan","nan","nan","nan","nan","nan","nan","nan","nan"
"Ruprecht_96",7.67,88,177.669922,0.091567,-62.138794,0.040266,0.288,0.049,-5.484,0.077,0.82,0.076,3.438,0.563,0.03,0.007,1.0,-0.077,0.012,1.0,0.309,0.034,1.0,-0.068,0.009,1.0,0.045,0.017,1.0,-0.039,0.009,1.0,0.083,0.01,1.0,0.003,0.014,1.0,0.118,0.041,1.0,"nan","nan","nan",0.038,0.012,1.0,-0.015,0.032,1.0,0.102,0.01,1.0,0.059,0.028,1.0,"nan","nan","nan","nan","nan","nan","nan","nan","nan","nan","nan","nan","nan","nan","nan","nan","nan","nan","nan","nan","nan"
"Ruprecht_97",8.25,31,179.372543,0.082748,-62.706703,0.026584,0.193,0.022,-6.495,0.051,0.443,0.059,4.989,0.46,0.097,0.006,1.0,-0.005,0.011,1.0,0.304,0.031,1.0,-0.046,0.009,1.0,0.097,0.016,1.0,0.056,0.009,1.0,0.086,0.009,1.0,-0.039,0.013,1.0,0.131,0.038,1.0,"nan","nan","nan",0.112,0.011,1.0,-0.034,0.029,1.0,0.189,0.01,1.0,0.267,0.026,1.0,"nan","nan","nan","nan","nan","nan","nan","nan","nan","nan","nan","nan","nan","nan","nan","nan","nan","nan","nan","nan","nan"
"SAI_116",8.1,163,177.321732,0.105607,-62.228951,0.043706,0.208,0.056,-7.737,0.128,1.341,0.091,4.503,0.93,0.161,0.008,2.0,-0.065,0.035,2.0,0.293,0.1,2.0,0.018,0.011,2.0,0.202,0.021,2.0,0.058,0.008,2.0,0.106,0.001,2.0,-0.054,0.001,2.0,0.27,0.027,2.0,"nan","nan","nan",0.121,0.026,2.0,-0.003,0.048,2.0,0.188,0.002,2.0,0.027,0.012,2.0,"nan","nan","nan","nan","nan","nan","nan","nan","nan","nan","nan","nan","nan","nan","nan","nan","nan","nan","nan","nan","nan"
"SAI_16",9.0,29,31.376696,0.085815,62.263447,0.026345,0.161,0.065,-0.741,0.071,-0.344,0.087,5.167,1.132,-0.191,0.011,1.0,"nan","nan","nan",0.082,0.06,1.0,0.019,0.015,1.0,-0.029,0.028,1.0,-0.051,0.015,1.0,0.108,0.02,1.0,0.046,0.03,1.0,"nan","nan","nan","nan","nan","nan",0.049,0.024,1.0,0.322,0.065,1.0,-0.028,0.019,1.0,0.007,0.054,1.0,"nan","nan","nan","nan","nan","nan","nan","nan","nan","nan","nan","nan","nan","nan","nan","nan","nan","nan","nan","nan","nan"
"Sher_1",7.12,39,165.258667,0.029318,-60.232307,0.014417,0.094,0.056,-5.397,0.138,2.364,0.094,7.033,1.949,"nan","nan","nan","nan","nan","nan","nan","nan","nan","nan","nan","nan","nan","nan","nan","nan","nan","nan","nan","nan","nan","nan","nan","nan","nan","nan","nan","nan","nan","nan","nan","nan","nan","nan","nan","nan","nan","nan","nan","nan","nan","nan","nan","nan","nan","nan","nan","nan","nan","nan","nan","nan","nan","nan","nan","nan","nan","nan","nan","nan","nan","nan","nan"
"Stock_2",8.6,1338,33.815437,2.028707,59.549225,0.794553,2.638,0.084,15.848,0.685,-13.682,0.629,0.378,0.012,"nan","nan","nan","nan","nan","nan","nan","nan","nan","nan","nan","nan","nan","nan","nan","nan","nan","nan","nan","nan","nan","nan","nan","nan","nan","nan","nan","nan","nan","nan","nan","nan","nan","nan","nan","nan","nan","nan","nan","nan","nan","nan","nan","nan","nan","nan","nan","nan","nan","nan","nan","nan","nan","nan","nan","nan","nan","nan","nan","nan","nan","nan","nan"
"Stock_7",7.86,144,37.437737,0.491102,60.629448,0.21645,1.438,0.054,-3.51,0.228,0.544,0.248,0.696,0.028,"nan","nan","nan","nan","nan","nan","nan","nan","nan","nan","nan","nan","nan","nan","nan","nan","nan","nan","nan","nan","nan","nan","nan","nan","nan","nan","nan","nan","nan","nan","nan","nan","nan","nan","nan","nan","nan","nan","nan","nan","nan","nan","nan","nan","nan","nan","nan","nan","nan","nan","nan","nan","nan","nan","nan","nan","nan","nan","nan","nan","nan","nan","nan"
"Teutsch_10",8.79,73,86.096375,0.072405,28.827852,0.048526,0.333,0.076,0.856,0.169,-1.907,0.175,2.964,0.598,"nan","nan","nan","nan","nan","nan","nan","nan","nan","nan","nan","nan","nan","nan","nan","nan","nan","nan","nan","nan","nan","nan","nan","nan","nan","nan","nan","nan","nan","nan","nan","nan","nan","nan","nan","nan","nan","nan","nan","nan","nan","nan","nan","nan","nan","nan","nan","nan","nan","nan","nan","nan","nan","nan","nan","nan","nan","nan","nan","nan","nan","nan","nan"
"Teutsch_12",8.92,40,96.424629,0.080831,13.608242,0.049599,0.22,0.068,-0.697,0.18,-0.949,0.167,3.935,0.688,-0.172,0.004,2.0,"nan","nan","nan",0.411,0.015,2.0,-0.019,0.029,2.0,0.005,0.011,2.0,-0.062,0.003,2.0,0.067,0.003,2.0,-0.041,0.041,2.0,"nan","nan","nan","nan","nan","nan",-0.004,0.025,2.0,-0.048,0.308,2.0,-0.028,0.007,2.0,0.079,0.028,2.0,"nan","nan","nan","nan","nan","nan","nan","nan","nan","nan","nan","nan","nan","nan","nan","nan","nan","nan","nan","nan","nan"
"Teutsch_51",8.83,80,88.46109,0.036767,26.834419,0.039397,0.202,0.106,0.55,0.201,-0.379,0.244,3.929,1.039,-0.319,0.012,1.0,"nan","nan","nan",0.035,0.067,1.0,0.049,0.017,1.0,-0.014,0.029,1.0,-0.01,0.016,1.0,0.074,0.023,1.0,0.064,0.034,1.0,"nan","nan","nan","nan","nan","nan",0.018,0.027,1.0,0.202,0.073,1.0,-0.043,0.022,1.0,-0.229,0.061,1.0,"nan","nan","nan","nan","nan","nan","nan","nan","nan","nan","nan","nan","nan","nan","nan","nan","nan","nan","nan","nan","nan"
"Teutsch_7",8.65,22,296.928925,0.057079,24.273987,0.069086,0.134,0.053,-2.905,0.096,-4.884,0.132,4.809,0.549,0.068,0.044,3.0,"nan","nan","nan",0.068,0.038,1.0,-0.064,0.01,1.0,-0.067,0.02,1.0,-0.053,0.011,1.0,0.023,0.011,1.0,0.055,0.019,1.0,"nan","nan","nan","nan","nan","nan",0.108,0.014,1.0,0.042,0.04,1.0,0.077,0.012,1.0,0.204,0.033,1.0,"nan","nan","nan","nan","nan","nan","nan","nan","nan","nan","nan","nan","nan","nan","nan","nan","nan","nan","nan","nan","nan"
"Teutsch_84",9.02,167,256.090271,0.046787,-42.068062,0.038343,0.401,0.163,-1.691,0.281,-1.106,0.251,2.505,0.801,0.194,0.081,3.0,-0.203,0.018,1.0,0.21,0.203,3.0,-0.021,0.033,3.0,0.021,0.073,3.0,-0.058,0.022,3.0,0.081,0.016,3.0,-0.011,0.047,3.0,"nan","nan","nan","nan","nan","nan",0.06,0.032,3.0,0.106,0.075,3.0,0.15,0.004,3.0,0.185,0.049,3.0,"nan","nan","nan","nan","nan","nan","nan","nan","nan","nan","nan","nan","nan","nan","nan","nan","nan","nan","nan","nan","nan"
"Tombaugh_4",9.2,174,37.30246,0.129887,61.789124,0.072733,0.258,0.1,-1.05,0.164,-0.157,0.204,3.587,1.087,"nan","nan","nan","nan","nan","nan","nan","nan","nan","nan","nan","nan","nan","nan","nan","nan","nan","nan","nan","nan","nan","nan","nan","nan","nan","nan","nan","nan","nan","nan","nan","nan","nan","nan","nan","nan","nan","nan","nan","nan","nan","nan","nan","nan","nan","nan","nan","nan","nan","nan","nan","nan","nan","nan","nan","nan","nan","nan","nan","nan","nan","nan","nan"
"Trumpler_20",9.27,809,189.882828,0.220875,-60.635357,0.093366,0.253,0.045,-7.087,0.091,0.179,0.079,3.87,0.622,"nan","nan","nan","nan","nan","nan","nan","nan","nan","nan","nan","nan","nan","nan","nan","nan","nan","nan","nan","nan","nan","nan","nan","nan","nan","nan","nan","nan","nan","nan","nan","nan","nan","nan","nan","nan","nan","nan","nan","nan","nan","nan","nan","nan","nan","nan","nan","nan","nan","nan","nan","nan","nan","nan","nan","nan","nan","nan","nan","nan","nan","nan","nan"
"Trumpler_26",8.4,91,262.125183,0.064678,-29.486423,0.059548,0.63,0.059,-0.887,0.146,-3.099,0.093,1.599,0.151,0.265,0.031,2.0,-0.136,0.097,2.0,0.398,0.066,2.0,-0.042,0.025,2.0,0.144,0.045,2.0,-0.031,0.033,2.0,0.194,0.129,2.0,-0.027,0.011,2.0,"nan","nan","nan",0.101,0.078,1.0,0.167,0.014,2.0,-0.02,0.024,2.0,0.2,0.01,2.0,-0.154,0.179,2.0,"nan","nan","nan",0.374,0.164,1.0,0.091,0.147,1.0,0.649,0.091,1.0,-0.127,0.1,1.0,"nan","nan","nan",-0.222,0.1,1.0
"Trumpler_3",7.67,219,48.00275,0.575231,63.219368,0.243645,1.458,0.061,-3.33,0.224,-0.114,0.19,0.687,0.029,"nan","nan","nan","nan","nan","nan","nan","nan","nan","nan","nan","nan","nan","nan","nan","nan","nan","nan","nan","nan","nan","nan","nan","nan","nan","nan","nan","nan","nan","nan","nan","nan","nan","nan","nan","nan","nan","nan","nan","nan","nan","nan","nan","nan","nan","nan","nan","nan","nan","nan","nan","nan","nan","nan","nan","nan","nan","nan","nan","nan","nan","nan","nan"
"Trumpler_5",9.63,2129,99.129692,0.132159,9.467118,0.134405,0.284,0.094,-0.591,0.197,0.287,0.181,3.348,0.783,-0.434,0.016,8.0,0.146,0.055,7.0,0.002,0.195,7.0,0.023,0.029,7.0,0.086,0.073,7.0,0.029,0.027,7.0,0.117,0.011,7.0,0.061,0.018,7.0,0.302,0.087,4.0,"nan","nan","nan",-0.02,0.009,7.0,-0.082,0.095,6.0,-0.022,0.035,7.0,-0.013,0.088,7.0,"nan","nan","nan","nan","nan","nan","nan","nan","nan","nan","nan","nan","nan","nan","nan","nan","nan","nan","nan","nan","nan"
"Turner_5",8.51,26,142.998444,0.786345,-36.263382,0.444524,2.342,0.082,0.017,0.185,-3.033,0.21,0.428,0.015,"nan","nan","nan","nan","nan","nan","nan","nan","nan","nan","nan","nan","nan","nan","nan","nan","nan","nan","nan","nan","nan","nan","nan","nan","nan","nan","nan","nan","nan","nan","nan","nan","nan","nan","nan","nan","nan","nan","nan","nan","nan","nan","nan","nan","nan","nan","nan","nan","nan","nan","nan","nan","nan","nan","nan","nan","nan","nan","nan","nan","nan","nan","nan"
"UBC_1",7.84,57,287.884857,0.829094,56.800903,0.59175,3.049,0.039,-2.495,0.244,3.723,0.235,0.327,0.004,0.02,0.049,2.0,"nan","nan","nan","nan","nan","nan",-0.084,0.04,2.0,-0.103,0.016,2.0,-0.025,0.056,2.0,0.014,0.014,2.0,"nan","nan","nan","nan","nan","nan","nan","nan","nan",-0.052,0.011,2.0,0.569,0.121,2.0,-0.054,0.007,2.0,0.043,0.098,1.0,"nan","nan","nan","nan","nan","nan","nan","nan","nan","nan","nan","nan","nan","nan","nan","nan","nan","nan","nan","nan","nan"
"UBC_143",8.67,28,299.688538,0.159782,45.570274,0.141301,0.726,0.021,-3.183,0.1,-7.861,0.112,1.38,0.06,0.008,0.008,1.0,"nan","nan","nan",0.103,0.039,1.0,-0.065,0.01,1.0,-0.011,0.018,1.0,-0.054,0.01,1.0,0.08,0.011,1.0,-0.016,0.018,1.0,"nan","nan","nan","nan","nan","nan",0.059,0.014,1.0,0.058,0.039,1.0,0.018,0.012,1.0,0.018,0.033,1.0,"nan","nan","nan","nan","nan","nan","nan","nan","nan","nan","nan","nan","nan","nan","nan","nan","nan","nan","nan","nan","nan"
"UBC_17a",7.27,326,83.25946,1.180463,-1.552296,0.857161,2.752,0.064,1.596,0.277,-1.208,0.233,0.363,0.009,-0.087,0.071,34.0,0.398,0.073,6.0,-0.048,0.28,3.0,-0.072,0.039,11.0,-0.001,0.127,12.0,-0.004,0.095,12.0,0.053,0.067,10.0,-0.111,0.135,10.0,0.174,0.107,2.0,0.01,0.052,1.0,-0.047,0.131,12.0,-0.11,0.415,10.0,-0.102,0.08,12.0,0.245,0.241,11.0,0.187,0.064,1.0,0.533,0.089,1.0,"nan","nan","nan",0.618,0.062,1.0,"nan","nan","nan","nan","nan","nan","nan","nan","nan"
"UBC_17b",7.06,130,83.193604,0.722712,-1.558123,0.671207,2.367,0.06,0.04,0.185,-0.146,0.266,0.423,0.011,-0.07,0.032,12.0,0.237,0.163,1.0,-0.068,0.025,2.0,-0.094,0.146,3.0,-0.084,0.09,3.0,0.01,0.131,3.0,0.215,0.097,3.0,-0.119,0.072,2.0,-0.066,0.214,1.0,0.106,0.104,1.0,-0.023,0.04,3.0,-0.311,0.119,3.0,-0.147,0.029,3.0,-0.155,0.083,2.0,0.194,0.14,1.0,0.499,0.182,1.0,"nan","nan","nan",0.532,0.025,2.0,0.749,0.129,1.0,"nan","nan","nan",0.584,0.197,2.0
"UBC_197",8.45,76,83.359802,0.092597,39.844025,0.087107,0.313,0.035,0.133,0.125,-1.287,0.106,3.155,0.339,"nan","nan","nan","nan","nan","nan","nan","nan","nan","nan","nan","nan","nan","nan","nan","nan","nan","nan","nan","nan","nan","nan","nan","nan","nan","nan","nan","nan","nan","nan","nan","nan","nan","nan","nan","nan","nan","nan","nan","nan","nan","nan","nan","nan","nan","nan","nan","nan","nan","nan","nan","nan","nan","nan","nan","nan","nan","nan","nan","nan","nan","nan","nan"
"UBC_199",9.06,56,67.447464,0.176134,25.428104,0.158042,0.813,0.065,3.006,0.201,-1.766,0.161,1.236,0.108,-0.11,0.022,2.0,"nan","nan","nan",0.132,0.001,2.0,-0.025,0.006,2.0,-0.006,0.008,2.0,-0.035,0.001,2.0,0.039,0.02,2.0,-0.041,0.001,2.0,"nan","nan","nan","nan","nan","nan",0.012,0.004,2.0,-0.073,0.058,2.0,-0.001,0.008,2.0,-0.07,0.01,2.0,"nan","nan","nan","nan","nan","nan","nan","nan","nan","nan","nan","nan","nan","nan","nan","nan","nan","nan","nan","nan","nan"
"UBC_207",7.18,104,83.853241,0.120676,-4.520757,0.253199,2.54,0.094,1.11,0.238,0.569,0.362,0.393,0.015,"nan","nan","nan","nan","nan","nan","nan","nan","nan","nan","nan","nan","nan","nan","nan","nan","nan","nan","nan","nan","nan","nan","nan","nan","nan","nan","nan","nan","nan","nan","nan","nan","nan","nan","nan","nan","nan","nan","nan","nan","nan","nan","nan","nan","nan","nan","nan","nan","nan","nan","nan","nan","nan","nan","nan","nan","nan","nan","nan","nan","nan","nan","nan"
"UBC_212",9.03,69,100.957787,0.075234,-0.885819,0.075632,0.335,0.033,-0.612,0.108,0.661,0.135,2.976,0.267,-0.227,0.032,2.0,0.17,0.015,2.0,0.154,0.108,2.0,-0.049,0.09,2.0,0.125,0.022,2.0,0.065,0.041,2.0,0.095,0.018,2.0,0.017,0.057,2.0,0.143,0.089,2.0,-0.128,0.104,1.0,-0.058,0.04,2.0,-0.027,0.023,2.0,-0.065,0.104,2.0,-0.166,0.145,2.0,-0.106,0.168,1.0,0.293,0.194,1.0,"nan","nan","nan",0.676,0.12,1.0,"nan","nan","nan",0.441,0.112,1.0,0.243,0.115,1.0
"UBC_260",8.37,33,140.07457,0.592413,-69.892113,0.183991,1.781,0.056,-7.758,0.155,7.991,0.208,0.561,0.018,"nan","nan","nan","nan","nan","nan","nan","nan","nan","nan","nan","nan","nan","nan","nan","nan","nan","nan","nan","nan","nan","nan","nan","nan","nan","nan","nan","nan","nan","nan","nan","nan","nan","nan","nan","nan","nan","nan","nan","nan","nan","nan","nan","nan","nan","nan","nan","nan","nan","nan","nan","nan","nan","nan","nan","nan","nan","nan","nan","nan","nan","nan","nan"
"UBC_32",8.14,116,279.383972,0.653437,-14.06366,0.835306,3.539,0.11,-1.789,0.292,-9.325,0.312,0.282,0.009,"nan","nan","nan","nan","nan","nan","nan","nan","nan","nan","nan","nan","nan","nan","nan","nan","nan","nan","nan","nan","nan","nan","nan","nan","nan","nan","nan","nan","nan","nan","nan","nan","nan","nan","nan","nan","nan","nan","nan","nan","nan","nan","nan","nan","nan","nan","nan","nan","nan","nan","nan","nan","nan","nan","nan","nan","nan","nan","nan","nan","nan","nan","nan"
"UBC_511",8.73,35,151.935349,0.443965,-70.747025,0.098773,0.749,0.038,-6.671,0.113,6.191,0.135,1.338,0.069,"nan","nan","nan","nan","nan","nan","nan","nan","nan","nan","nan","nan","nan","nan","nan","nan","nan","nan","nan","nan","nan","nan","nan","nan","nan","nan","nan","nan","nan","nan","nan","nan","nan","nan","nan","nan","nan","nan","nan","nan","nan","nan","nan","nan","nan","nan","nan","nan","nan","nan","nan","nan","nan","nan","nan","nan","nan","nan","nan","nan","nan","nan","nan"
"UBC_572",9.28,23,280.41687,0.069776,-21.959448,0.058218,0.647,0.021,0.999,0.093,-0.63,0.109,1.554,0.048,"nan","nan","nan","nan","nan","nan","nan","nan","nan","nan","nan","nan","nan","nan","nan","nan","nan","nan","nan","nan","nan","nan","nan","nan","nan","nan","nan","nan","nan","nan","nan","nan","nan","nan","nan","nan","nan","nan","nan","nan","nan","nan","nan","nan","nan","nan","nan","nan","nan","nan","nan","nan","nan","nan","nan","nan","nan","nan","nan","nan","nan","nan","nan"
"UBC_595",8.43,36,359.769867,142.34317,62.449722,0.061169,0.213,0.022,-1.244,0.099,-0.644,0.07,4.535,0.456,0.017,0.007,1.0,-0.169,0.014,1.0,0.054,0.037,1.0,-0.056,0.01,1.0,0.047,0.018,1.0,-0.036,0.01,1.0,0.078,0.011,1.0,-0.074,0.016,1.0,"nan","nan","nan","nan","nan","nan",0.043,0.013,1.0,-0.085,0.036,1.0,-0.002,0.011,1.0,-0.024,0.031,1.0,"nan","nan","nan","nan","nan","nan","nan","nan","nan","nan","nan","nan","nan","nan","nan","nan","nan","nan","nan","nan","nan"
"UBC_623",9.21,45,118.354301,0.133734,7.560185,0.193395,0.351,0.063,-1.403,0.326,-0.693,0.242,2.829,0.455,-0.247,0.008,1.0,"nan","nan","nan","nan","nan","nan","nan","nan","nan","nan","nan","nan","nan","nan","nan","nan","nan","nan","nan","nan","nan","nan","nan","nan","nan","nan","nan","nan","nan","nan","nan","nan","nan","nan","nan","nan","nan","nan","nan","nan","nan","nan","nan","nan","nan","nan","nan","nan","nan","nan","nan","nan","nan","nan","nan","nan","nan","nan","nan","nan"
"UBC_624",9.3,34,119.242569,0.133557,8.01529,0.181637,0.406,0.038,-0.81,0.319,-1.038,0.487,2.471,0.225,"nan","nan","nan","nan","nan","nan","nan","nan","nan","nan","nan","nan","nan","nan","nan","nan","nan","nan","nan","nan","nan","nan","nan","nan","nan","nan","nan","nan","nan","nan","nan","nan","nan","nan","nan","nan","nan","nan","nan","nan","nan","nan","nan","nan","nan","nan","nan","nan","nan","nan","nan","nan","nan","nan","nan","nan","nan","nan","nan","nan","nan","nan","nan"
"UBC_7",7.5,121,106.755363,0.676232,-37.653168,0.590746,3.568,0.075,-9.744,0.202,7.004,0.233,0.279,0.006,"nan","nan","nan","nan","nan","nan","nan","nan","nan","nan","nan","nan","nan","nan","nan","nan","nan","nan","nan","nan","nan","nan","nan","nan","nan","nan","nan","nan","nan","nan","nan","nan","nan","nan","nan","nan","nan","nan","nan","nan","nan","nan","nan","nan","nan","nan","nan","nan","nan","nan","nan","nan","nan","nan","nan","nan","nan","nan","nan","nan","nan","nan","nan"
"UBC_95",8.6,84,268.251831,0.063948,-22.171114,0.091783,0.492,0.027,-0.156,0.127,-1.298,0.112,2.048,0.113,"nan","nan","nan","nan","nan","nan","nan","nan","nan","nan","nan","nan","nan","nan","nan","nan","nan","nan","nan","nan","nan","nan","nan","nan","nan","nan","nan","nan","nan","nan","nan","nan","nan","nan","nan","nan","nan","nan","nan","nan","nan","nan","nan","nan","nan","nan","nan","nan","nan","nan","nan","nan","nan","nan","nan","nan","nan","nan","nan","nan","nan","nan","nan"
"UPK_12",8.3,56,288.846436,0.20855,-22.150223,0.171496,1.537,0.105,0.588,0.237,-6.679,0.169,0.651,0.043,"nan","nan","nan","nan","nan","nan","nan","nan","nan","nan","nan","nan","nan","nan","nan","nan","nan","nan","nan","nan","nan","nan","nan","nan","nan","nan","nan","nan","nan","nan","nan","nan","nan","nan","nan","nan","nan","nan","nan","nan","nan","nan","nan","nan","nan","nan","nan","nan","nan","nan","nan","nan","nan","nan","nan","nan","nan","nan","nan","nan","nan","nan","nan"
"UPK_305",8.15,56,41.121452,1.315957,39.005974,1.703135,2.394,0.146,2.979,0.152,-6.494,0.196,0.417,0.027,"nan","nan","nan","nan","nan","nan","nan","nan","nan","nan","nan","nan","nan","nan","nan","nan","nan","nan","nan","nan","nan","nan","nan","nan","nan","nan","nan","nan","nan","nan","nan","nan","nan","nan","nan","nan","nan","nan","nan","nan","nan","nan","nan","nan","nan","nan","nan","nan","nan","nan","nan","nan","nan","nan","nan","nan","nan","nan","nan","nan","nan","nan","nan"
"UPK_40",8.73,43,292.630646,0.403738,-6.882345,0.893534,1.53,0.069,0.278,0.147,-9.123,0.214,0.657,0.03,"nan","nan","nan","nan","nan","nan","nan","nan","nan","nan","nan","nan","nan","nan","nan","nan","nan","nan","nan","nan","nan","nan","nan","nan","nan","nan","nan","nan","nan","nan","nan","nan","nan","nan","nan","nan","nan","nan","nan","nan","nan","nan","nan","nan","nan","nan","nan","nan","nan","nan","nan","nan","nan","nan","nan","nan","nan","nan","nan","nan","nan","nan","nan"
"UPK_422",7.29,124,88.020721,0.797135,-7.5386,0.604191,3.314,0.137,0.189,0.347,-0.591,0.277,0.303,0.013,"nan","nan","nan","nan","nan","nan","nan","nan","nan","nan","nan","nan","nan","nan","nan","nan","nan","nan","nan","nan","nan","nan","nan","nan","nan","nan","nan","nan","nan","nan","nan","nan","nan","nan","nan","nan","nan","nan","nan","nan","nan","nan","nan","nan","nan","nan","nan","nan","nan","nan","nan","nan","nan","nan","nan","nan","nan","nan","nan","nan","nan","nan","nan"
"UPK_467",8.07,158,121.226395,0.627872,-11.43507,0.495282,1.684,0.149,-6.965,0.324,-1.668,0.22,0.597,0.059,0.163,0.053,1.0,0.054,0.091,1.0,0.131,0.033,1.0,-0.027,0.043,1.0,0.225,0.046,1.0,0.036,0.038,1.0,0.099,0.05,1.0,-0.008,0.03,1.0,0.107,0.1,1.0,0.063,0.047,1.0,0.091,0.044,1.0,0.039,0.043,1.0,0.171,0.05,1.0,0.101,0.037,1.0,-0.097,0.056,1.0,-0.129,0.093,1.0,0.078,0.117,1.0,-0.079,0.056,1.0,-0.225,0.076,1.0,0.147,0.106,1.0,"nan","nan","nan"
"UPK_524",8.03,95,105.408852,1.450739,-54.150826,0.964246,1.762,0.091,-2.793,0.334,8.659,0.35,0.567,0.031,-0.049,0.073,1.0,0.097,0.11,1.0,-0.039,0.042,1.0,0.053,0.06,1.0,0.112,0.057,1.0,0.081,0.047,1.0,0.109,0.062,1.0,"nan","nan","nan","nan","nan","nan","nan","nan","nan",-0.012,0.057,1.0,"nan","nan","nan","nan","nan","nan","nan","nan","nan",-0.242,0.08,1.0,-0.005,0.104,1.0,"nan","nan","nan",0.099,0.071,1.0,"nan","nan","nan","nan","nan","nan","nan","nan","nan"
"UPK_526",7.49,40,115.190079,0.9541,-52.840366,0.938627,1.715,0.067,-7.971,0.209,7.426,0.152,0.584,0.023,-0.024,0.011,2.0,0.154,0.092,1.0,0.062,0.033,1.0,-0.069,0.048,1.0,-0.012,0.054,1.0,0.016,0.039,1.0,0.087,0.051,1.0,"nan","nan","nan","nan","nan","nan","nan","nan","nan",-0.003,0.045,1.0,"nan","nan","nan","nan","nan","nan","nan","nan","nan","nan","nan","nan",0.01,0.085,1.0,"nan","nan","nan",0.033,0.057,1.0,"nan","nan","nan","nan","nan","nan","nan","nan","nan"
"UPK_540",7.57,59,114.644073,0.827397,-58.651943,0.937348,2.698,0.105,-4.823,0.222,7.647,0.21,0.372,0.015,"nan","nan","nan","nan","nan","nan","nan","nan","nan","nan","nan","nan","nan","nan","nan","nan","nan","nan","nan","nan","nan","nan","nan","nan","nan","nan","nan","nan","nan","nan","nan","nan","nan","nan","nan","nan","nan","nan","nan","nan","nan","nan","nan","nan","nan","nan","nan","nan","nan","nan","nan","nan","nan","nan","nan","nan","nan","nan","nan","nan","nan","nan","nan"
"UPK_545",7.9,240,130.845764,1.777506,-58.661842,1.185728,3.033,0.147,-8.766,0.386,2.725,0.377,0.33,0.017,"nan","nan","nan","nan","nan","nan","nan","nan","nan","nan","nan","nan","nan","nan","nan","nan","nan","nan","nan","nan","nan","nan","nan","nan","nan","nan","nan","nan","nan","nan","nan","nan","nan","nan","nan","nan","nan","nan","nan","nan","nan","nan","nan","nan","nan","nan","nan","nan","nan","nan","nan","nan","nan","nan","nan","nan","nan","nan","nan","nan","nan","nan","nan"
"UPK_552",8.07,60,158.498016,1.15694,-47.297035,0.740971,3.053,0.157,-22.638,0.435,6.375,0.382,0.327,0.018,"nan","nan","nan","nan","nan","nan","nan","nan","nan","nan","nan","nan","nan","nan","nan","nan","nan","nan","nan","nan","nan","nan","nan","nan","nan","nan","nan","nan","nan","nan","nan","nan","nan","nan","nan","nan","nan","nan","nan","nan","nan","nan","nan","nan","nan","nan","nan","nan","nan","nan","nan","nan","nan","nan","nan","nan","nan","nan","nan","nan","nan","nan","nan"
"UPK_560",8.51,117,158.280991,1.676451,-44.439835,0.711712,1.661,0.099,-12.522,0.396,3.804,0.288,0.603,0.036,"nan","nan","nan","nan","nan","nan","nan","nan","nan","nan","nan","nan","nan","nan","nan","nan","nan","nan","nan","nan","nan","nan","nan","nan","nan","nan","nan","nan","nan","nan","nan","nan","nan","nan","nan","nan","nan","nan","nan","nan","nan","nan","nan","nan","nan","nan","nan","nan","nan","nan","nan","nan","nan","nan","nan","nan","nan","nan","nan","nan","nan","nan","nan"
"UPK_579",8.08,149,192.781815,2.090714,-50.541569,0.891298,1.364,0.106,-10.698,0.252,-3.206,0.235,0.735,0.06,"nan","nan","nan","nan","nan","nan","nan","nan","nan","nan","nan","nan","nan","nan","nan","nan","nan","nan","nan","nan","nan","nan","nan","nan","nan","nan","nan","nan","nan","nan","nan","nan","nan","nan","nan","nan","nan","nan","nan","nan","nan","nan","nan","nan","nan","nan","nan","nan","nan","nan","nan","nan","nan","nan","nan","nan","nan","nan","nan","nan","nan","nan","nan"
"UPK_587",8.07,50,201.032333,0.884765,-49.869873,0.530045,1.106,0.044,-8.832,0.153,-2.611,0.205,0.908,0.039,"nan","nan","nan","nan","nan","nan","nan","nan","nan","nan","nan","nan","nan","nan","nan","nan","nan","nan","nan","nan","nan","nan","nan","nan","nan","nan","nan","nan","nan","nan","nan","nan","nan","nan","nan","nan","nan","nan","nan","nan","nan","nan","nan","nan","nan","nan","nan","nan","nan","nan","nan","nan","nan","nan","nan","nan","nan","nan","nan","nan","nan","nan","nan"
"UPK_599",7.29,96,205.868195,1.119681,-38.57357,0.717957,1.459,0.097,-9.925,0.373,0.331,0.291,0.687,0.053,"nan","nan","nan","nan","nan","nan","nan","nan","nan","nan","nan","nan","nan","nan","nan","nan","nan","nan","nan","nan","nan","nan","nan","nan","nan","nan","nan","nan","nan","nan","nan","nan","nan","nan","nan","nan","nan","nan","nan","nan","nan","nan","nan","nan","nan","nan","nan","nan","nan","nan","nan","nan","nan","nan","nan","nan","nan","nan","nan","nan","nan","nan","nan"
"UPK_612",8.0,484,252.913361,4.648844,-67.657761,2.121742,4.266,0.376,-13.306,1.305,-11.828,1.268,0.234,0.023,0.021,0.027,3.0,0.017,0.115,3.0,-0.084,0.018,3.0,-0.078,0.05,3.0,-0.063,0.052,3.0,-0.053,0.02,3.0,0.093,0.01,3.0,-0.037,0.028,3.0,-0.011,0.063,3.0,-0.105,0.018,3.0,0.005,0.03,3.0,"nan","nan","nan",-0.123,0.034,3.0,-0.197,0.017,3.0,-0.004,0.015,3.0,0.097,0.042,3.0,"nan","nan","nan",0.31,0.023,3.0,0.696,0.111,1.0,"nan","nan","nan","nan","nan","nan"
"UPK_624",7.6,51,254.122849,1.050511,-60.45105,0.498835,3.138,0.168,-1.453,0.354,-14.261,0.424,0.321,0.017,-0.095,0.089,1.0,"nan","nan","nan","nan","nan","nan","nan","nan","nan","nan","nan","nan","nan","nan","nan","nan","nan","nan","nan","nan","nan","nan","nan","nan","nan","nan","nan","nan","nan","nan","nan","nan","nan","nan","nan","nan","nan","nan","nan","nan","nan","nan","nan","nan","nan","nan","nan","nan","nan","nan","nan","nan","nan","nan","nan","nan","nan","nan","nan","nan"
